,card,reports,age,income,share,expenditure,owner,selfemp,dependents,months,majorcards,active,sex,race
0,1,0,37.66667,4.52,0.03326991,124.9833,yes,no,3,54,1,12,Male,White
1,1,0,33.25,2.42,0.005216942,9.854167,no,no,3,34,1,13,Male,White
2,1,0,33.66667,4.5,0.0041555559999999,15.0,yes,no,4,58,1,5,Male,White
3,1,0,30.5,2.54,0.06521378,137.8692,no,no,0,25,1,7,Male,White
4,1,0,32.16667,9.7867,0.06705059,546.5033,yes,no,2,64,1,5,Male,Other
5,1,0,23.25,2.5,0.0444384,91.99667,no,no,0,54,1,1,Male,White
6,1,0,27.91667,3.96,0.01257576,40.83333,no,no,2,7,1,5,Female,Other
7,1,0,29.16667,2.37,0.07643376,150.79,yes,no,0,77,1,3,Male,White
8,1,0,37.0,3.8,0.2456279,777.8217,yes,no,0,97,1,6,Male,Other
9,1,0,28.41667,3.2,0.01978,52.58,no,no,0,65,1,18,Male,Other
10,1,0,30.5,3.95,0.07802456,256.6642,yes,no,1,24,1,20,Male,White
11,0,0,42.0,1.98,0.0006060605999999,0.0,yes,no,2,36,1,0,Male,Black
12,0,0,30.0,1.73,0.0006936416,0.0,yes,no,1,42,0,12,Female,Other
13,1,0,28.83333,2.45,0.03879551,78.87416999999999,yes,no,0,26,1,3,Male,White
14,1,0,35.33333,1.908,0.02690671,42.615,yes,no,2,120,0,5,Female,Black
15,1,0,41.16667,3.2,0.1258194,335.435,yes,no,1,168,1,22,Female,White
16,1,0,40.08333,4.0,0.07481575,248.7192,yes,no,2,96,1,0,Male,Other
17,0,7,29.5,3.0,0.0004,0.0,yes,no,2,60,1,8,Female,Black
18,1,0,39.5,9.9999,0.06579486,548.035,yes,yes,0,28,1,0,Male,White
19,0,3,45.75,3.4,0.0003529412,0.0,no,no,0,28,1,10,Female,White
20,1,0,35.25,2.35,0.02238596,43.33917,yes,no,2,115,1,1,Male,Black
21,0,1,25.16667,1.875,0.00064,0.0,no,no,2,7,0,2,Male,Other
22,1,0,34.25,2.0,0.1311119999999999,218.52,yes,no,0,12,1,0,Male,White
23,1,1,35.75,4.0,0.05119225,170.6408,no,no,2,18,1,22,Female,Other
24,1,0,42.66667,5.14,0.008949417,37.58333,yes,no,2,13,1,17,Male,White
25,1,0,30.25,4.506,0.1337421,502.2017,no,no,2,38,1,7,Male,Other
26,0,0,21.66667,3.84,0.0003125,0.0,no,yes,1,12,0,1,Male,Other
27,1,0,22.25,1.5,0.058608,73.17667,no,no,0,64,1,6,Male,Other
28,0,0,34.25,2.5,0.0004799999999999,0.0,yes,no,1,12,1,0,Female,Black
29,1,0,40.0,5.5,0.3344595999999999,1532.773,yes,no,4,74,1,19,Female,Other
30,1,0,21.83333,2.0272,0.02532014,42.69083,no,no,0,9,0,5,Female,Other
31,1,1,29.41667,3.2,0.1567194,417.835,no,no,0,14,1,6,Female,Black
32,0,1,24.91667,3.15,0.0003809523999999,0.0,yes,no,1,40,1,5,Female,Black
33,1,0,21.0,2.4663,0.2689327999999999,552.7242,yes,no,1,12,1,10,Female,Black
34,1,0,23.83333,3.0,0.08901566,222.5392,no,no,0,12,1,5,Female,White
35,1,0,42.83333,3.5412,0.1834562,541.2958,yes,no,6,108,1,15,Male,White
36,0,0,42.58333,2.2845,0.000525279,0.0,no,no,2,46,1,0,Male,White
37,1,0,36.58333,5.7,0.1197418999999999,568.7742,yes,no,1,36,1,16,Male,Black
38,1,0,26.75,3.5,0.1181043,344.4708,no,no,0,2,1,14,Male,Black
39,1,0,27.75,4.6,0.1057438999999999,405.3517,yes,no,4,28,1,13,Male,Other
40,1,0,26.25,3.0,0.124375,310.9375,yes,no,0,7,1,10,Female,Other
41,1,0,23.33333,2.585,0.02505764,53.645,no,no,0,8,1,1,Male,Black
42,1,0,29.91667,1.51,0.05125828,63.91667,no,no,1,7,0,1,Male,Black
43,1,0,30.0,1.85,0.1075816,165.855,no,no,0,60,1,12,Female,Other
44,1,0,38.33333,2.6,0.004807692,9.583333,no,no,0,12,1,1,Male,White
45,0,0,28.16667,1.8,0.0006666667,0.0,no,yes,2,26,1,2,Female,Black
46,1,0,35.58333,2.0,0.192044,319.49,no,no,0,156,1,4,Female,Other
47,0,0,37.75,3.2628,0.0003677823,0.0,no,no,1,98,0,1,Female,White
48,1,0,26.08333,2.35,0.04285106,83.08334,no,no,1,30,0,2,Male,White
49,1,0,27.75,7.0,0.1105849,644.8283,yes,no,0,0,1,13,Male,Other
50,0,0,49.75,3.6,0.0003333333,0.0,no,no,2,12,0,0,Female,Black
51,1,0,24.25,2.0,0.0559685,93.1975,no,no,0,18,1,12,Female,White
52,1,0,20.66667,1.7,0.07420824,105.045,no,no,0,6,1,4,Male,White
53,1,0,23.75,2.8,0.014875,34.125,no,no,2,48,1,8,Female,White
54,1,0,25.75,2.4,0.02071958,41.18917,no,no,0,34,1,2,Female,Other
55,1,1,32.91667,3.0,0.068022,169.8883,no,no,0,216,0,5,Male,Black
56,1,0,34.33333,4.8,0.4745082999999999,1898.033,no,no,3,12,1,1,Male,Other
57,1,0,33.25,3.18,0.3058082,810.3917,no,no,4,18,0,3,Male,White
58,0,0,44.66667,1.8,0.0006666667,0.0,no,no,2,33,0,0,Female,Black
59,1,0,21.16667,1.5,0.02655333,32.775,no,no,0,20,1,4,Male,Other
60,1,2,25.08333,3.0,0.0384529999999999,95.79916,no,no,0,8,0,4,Male,White
61,1,0,27.16667,2.28,0.01492807,27.78,no,no,3,36,1,5,Male,Black
62,1,0,26.41667,2.8,0.0921725,215.0692,no,no,1,12,1,16,Male,White
63,1,0,22.0,2.7,0.03544926,79.51083,no,no,0,3,1,0,Male,White
64,0,3,27.33333,4.9,0.000244898,0.0,yes,no,2,16,1,15,Male,Other
65,0,0,26.16667,2.5,0.0004799999999999,0.0,no,yes,0,18,0,0,Female,Black
66,1,0,40.75,6.0,0.06123966,306.0317,no,yes,2,182,1,16,Female,White
67,1,0,42.08333,3.9,0.03221615,104.5358,no,no,0,78,1,2,Male,Other
68,0,0,21.66667,5.1,0.0002352941,0.0,no,no,0,25,1,0,Female,Other
69,1,0,24.66667,3.074,0.2508032,642.4742,no,no,0,4,1,0,Male,Other
70,1,0,30.75,2.4585,0.1503596,308.0492,yes,no,2,53,1,16,Male,White
71,1,0,27.41667,2.0,0.111812,186.3533,no,no,0,9,1,5,Male,White
72,1,0,33.0,3.248,0.02089871,56.14917,no,no,2,144,0,2,Male,White
73,1,0,37.33333,2.725,0.05719193,129.3733,no,no,2,13,1,14,Female,Other
74,1,0,26.58333,2.2,0.05078546,93.10667,no,no,0,144,1,10,Female,White
75,0,1,24.33333,4.1,0.0002926829,0.0,no,no,1,5,0,4,Female,White
76,1,0,24.25,3.75,0.09367893,292.6633,no,no,0,18,1,11,Male,Black
77,1,0,25.25,2.88,0.04106146,98.46416,no,no,0,7,1,0,Male,Other
78,1,0,0.5,3.05,0.1017243,258.5492,no,no,1,94,1,5,Male,White
79,1,0,32.83333,2.55,0.04792941,101.6833,no,no,2,6,1,18,Male,Black
80,0,0,32.75,4.0,0.0003,0.0,no,no,2,25,1,0,Male,White
81,1,1,54.58333,2.64,0.02984697,65.24667,yes,no,1,78,1,19,Male,Other
82,1,0,19.58333,1.65,0.07904787,108.6075,no,no,0,37,1,8,Male,White
83,1,0,29.33333,2.4,0.02494458,49.55583,no,no,0,30,1,4,Male,Other
84,0,3,40.16667,3.7099,0.0003234589,0.0,no,no,2,15,1,11,Female,Other
85,1,0,40.75,7.24,0.03904502,235.5717,yes,no,2,177,1,13,Male,Black
86,0,0,41.25,4.386,0.0002735978,0.0,yes,no,3,172,1,9,Male,White
87,0,0,34.5,3.3,0.0003636364,0.0,yes,no,2,33,0,18,Female,Black
88,0,0,23.66667,2.3040000000000003,0.0005208334,0.0,no,no,1,12,1,0,Male,Black
89,0,1,53.66667,4.18,0.0002870813,0.0,no,no,1,288,1,2,Male,Black
90,0,2,34.0,2.4875,0.0004824120999999,0.0,no,no,1,87,1,3,Male,Black
91,0,0,44.91667,2.8055,0.0004277313,0.0,yes,no,5,4,1,0,Male,Black
92,1,0,43.41667,2.4,0.03435875,68.38417,no,no,0,12,1,0,Male,White
93,0,4,35.16667,1.5,0.0008,0.0,no,no,1,7,1,9,Male,Black
94,0,2,35.83333,8.4,0.0001428570999999,0.0,no,no,2,69,1,12,Female,Other
95,1,0,21.66667,1.56,0.0007692308,0.0,no,no,0,12,1,2,Female,Other
96,1,1,32.66667,6.0,0.09483,474.15,yes,no,0,48,1,6,Female,Other
97,1,1,25.41667,3.6,0.07804389,234.0483,no,no,2,12,1,4,Male,White
98,1,0,26.25,5.0,0.1082892,451.205,yes,no,0,5,1,16,Female,White
99,1,0,46.0,5.5,0.05487727,251.5208,yes,no,2,161,1,7,Male,White
100,1,1,35.0,9.9999,0.1101058999999999,917.54,yes,no,0,72,1,29,Male,White
101,0,0,35.0,4.55,0.0002637363,0.0,yes,no,3,36,1,15,Female,Black
102,0,0,20.91667,2.9,0.0004137930999999,0.0,no,no,0,36,1,3,Female,Black
103,1,0,25.16667,1.8,0.09848222,147.7233,no,no,0,1,0,9,Male,White
104,1,0,31.25,4.2,0.04768381,166.7267,yes,no,0,53,1,0,Female,White
105,1,0,23.16667,3.92,0.2269911,741.5042,no,no,0,16,1,0,Female,White
106,1,0,23.0,3.625,0.03514566,106.1692,no,no,1,51,0,6,Female,White
107,1,0,24.83333,2.48,0.1313552,271.4675,no,no,0,18,1,0,Male,Other
108,1,0,40.91667,9.9999,0.07620686,635.0508,yes,no,3,120,1,17,Female,Other
109,1,0,43.66667,10.0393,0.02186308,182.825,yes,no,1,12,1,18,Female,White
110,1,0,23.08333,2.95,0.03642203,89.37083,yes,no,0,12,1,17,Male,White
111,1,0,41.91667,5.0,0.24272,1011.333,no,no,1,36,1,5,Male,Other
112,1,0,28.16667,2.4,0.1137675,227.3683,no,no,0,1,1,29,Male,White
113,1,0,45.58333,13.5,0.01031111,115.4167,yes,no,2,126,1,9,Female,Black
114,0,3,25.91667,4.0,0.0003,0.0,no,no,0,36,0,5,Female,Black
115,1,1,37.33333,3.9,0.0916836,297.9717,no,no,0,51,1,4,Male,White
116,1,1,37.66667,2.0,0.0608075,101.2625,yes,no,3,42,1,3,Male,Other
117,1,0,30.25,2.15,0.03192233,56.69416999999999,no,no,0,12,1,4,Male,White
118,1,0,21.25,3.0,0.030976,77.35667,no,no,2,18,0,2,Male,Other
119,1,0,40.08333,4.3,0.03419023,122.515,no,no,0,108,1,4,Male,Other
120,0,4,23.41667,9.9999,0.0001200012,0.0,no,no,2,27,1,5,Female,Black
121,1,0,21.83333,2.5,0.0067932,13.4025,no,no,0,32,1,3,Female,White
122,1,0,22.16667,3.0,0.05111367,127.5342,no,no,0,120,1,11,Male,White
123,1,0,40.83333,2.6,0.004230769,8.333333,yes,no,0,52,1,3,Male,Black
124,1,1,18.66667,1.66,0.0568759,78.42834,yes,no,0,51,1,2,Male,Black
125,1,0,34.33333,4.5,0.0032,11.16667,yes,yes,4,30,1,6,Female,Other
126,1,0,25.08333,5.0,0.0316508,131.8783,no,no,0,38,1,16,Male,White
127,1,0,20.08333,1.74,0.1919466,277.9892,no,no,0,8,1,11,Male,Other
128,1,0,24.75,1.875,0.08070774,126.0225,no,no,1,14,0,1,Male,White
129,1,0,41.91667,3.0,0.095609,238.8558,yes,no,3,120,0,0,Female,White
130,0,5,31.08333,4.2,0.0002857143,0.0,no,no,3,52,0,19,Male,Black
131,0,0,53.33333,4.9,0.000244898,0.0,yes,yes,0,108,0,1,Male,Black
132,1,0,24.25,2.13,0.02122066,37.08333,no,no,1,13,1,4,Male,Other
133,0,1,25.41667,1.7,0.0007058823,0.0,no,no,2,8,0,11,Female,Black
134,1,0,21.83333,1.68,0.1119048,156.5833,no,no,0,18,0,2,Male,Other
135,0,0,20.58333,2.64,0.0004545455,0.0,no,no,3,7,1,1,Female,Black
136,1,0,18.41667,1.968,0.006455285,9.753333,no,no,0,114,0,2,Female,Other
137,1,0,22.0,3.3,0.03947758,108.3967,no,no,0,6,1,8,Male,Black
138,1,0,21.41667,1.5896,0.2052491,271.5533,no,no,0,180,1,16,Male,Black
139,1,0,42.0,3.6,0.01785056,53.30167,no,yes,0,41,0,14,Male,Other
140,1,0,36.41667,3.0,0.1130587,282.5633,no,no,2,16,1,6,Male,White
141,1,0,41.5,3.8,0.08315605,263.3275,no,no,0,67,1,4,Male,Other
142,1,0,26.5,3.36,0.002625298,6.5175,no,no,0,12,1,4,Male,White
143,0,2,33.16667,2.3204,0.0005171522,0.0,no,no,0,62,0,3,Female,Black
144,1,0,43.08333,7.8,0.006685513,43.03917,yes,no,0,60,0,2,Male,Other
145,1,0,30.33333,2.5,0.0356228,73.7975,yes,yes,3,30,1,9,Male,Other
146,1,0,25.08333,1.5,0.0128,15.416670000000002,no,no,1,12,1,7,Female,White
147,1,0,35.66667,3.5822,0.1049978,313.3525,yes,no,1,84,1,10,Female,White
148,1,1,44.5,4.0,0.01795825,59.19416999999999,yes,no,0,36,1,13,Male,White
149,1,3,43.25,6.72,0.03142812,175.9975,yes,no,3,30,1,27,Male,White
150,1,2,50.0,4.3,0.03620279,129.3933,yes,yes,1,264,1,15,Male,White
151,1,0,31.75,3.5,0.01055514,30.36917,yes,no,1,36,1,5,Male,White
152,0,1,43.25,3.95,0.0003037975,0.0,yes,no,2,27,1,4,Female,Black
153,0,5,27.16667,4.0,0.0003,0.0,yes,no,0,37,1,7,Female,Black
154,1,0,24.91667,2.4,0.23063,461.26,no,no,1,164,0,1,Female,White
155,1,0,49.66667,2.7,0.08877037,199.7333,yes,no,0,120,0,3,Female,White
156,1,0,28.33333,6.6,0.007129848,38.71416,no,no,2,55,1,7,Male,Other
157,1,0,26.5,2.7,0.04111704,92.26334,no,no,0,18,1,0,Male,White
158,1,0,29.41667,4.1,0.04264756,145.3792,no,no,0,13,1,0,Male,White
159,1,0,71.83334,7.701,0.06251058,400.9117,yes,no,1,24,1,9,Male,Other
160,1,0,24.5,2.8,0.05955571,138.7133,no,no,0,5,1,0,Male,White
161,1,0,25.08333,3.12,0.04245641,110.3033,no,no,2,3,1,6,Male,White
162,1,0,24.91667,2.3,0.02855478,54.64666999999999,no,no,0,30,1,2,Male,Other
163,1,0,30.08333,3.67,0.001798365,4.5833330000000005,yes,no,0,57,1,3,Male,Other
164,0,0,32.58333,6.5,0.0001846154,0.0,yes,no,0,50,1,6,Male,Other
165,1,0,23.08333,2.56,0.1502422,320.5167,no,no,1,11,1,2,Male,White
166,1,0,48.91667,3.5,0.067888,197.9233,yes,no,0,48,1,9,Male,White
167,1,0,25.33333,3.24,0.02563117,68.87083,no,no,0,30,1,19,Male,White
168,1,0,25.33333,3.48,0.05121034,148.26,yes,no,0,14,1,5,Female,Other
169,1,0,24.91667,2.938,0.02812798,68.53333,no,no,0,14,1,0,Male,White
170,0,1,29.16667,2.475,0.0004848484999999,0.0,no,no,1,12,0,5,Male,Black
171,0,5,28.58333,3.12,0.0003846154,0.0,no,no,0,13,0,7,Female,White
172,0,0,32.33333,2.5,0.0004799999999999,0.0,no,no,1,60,1,0,Female,Other
173,1,0,26.5,3.0,0.04865566,121.5558,yes,no,0,12,1,4,Male,White
174,1,0,34.33333,6.0,0.017262,86.22667,yes,no,1,48,1,5,Male,White
175,1,0,28.41667,2.6,0.04854384,105.095,yes,no,0,27,1,6,Female,White
176,1,0,23.58333,3.9,0.01830487,58.99083,no,no,1,14,1,7,Male,Other
177,0,1,30.83333,2.5,0.0004799999999999,0.0,no,no,0,18,1,6,Male,Black
178,0,1,34.66667,3.3,0.0003636364,0.0,no,no,3,48,0,3,Female,Black
179,1,0,31.5,5.905,0.0251939,123.8917,no,no,1,12,1,2,Male,White
180,1,1,36.16667,7.8,0.01210897,78.54166,yes,no,1,24,1,18,Male,White
181,0,3,32.41667,2.06,0.0005825243,0.0,no,no,0,48,1,8,Female,Other
182,1,0,31.25,5.6965,0.008123409,38.0625,yes,yes,2,84,0,26,Male,White
183,1,0,28.08333,2.16,0.02572685,46.14167,no,no,2,7,1,0,Female,Black
184,0,3,41.58333,4.6,0.0002608696,0.0,no,no,0,57,1,3,Male,White
185,1,0,21.75,3.5,0.090862,265.0142,no,no,2,42,1,9,Female,White
186,1,0,30.25,2.55,0.03532235,74.72667,yes,no,1,11,1,0,Male,White
187,1,0,43.5,1.7472,0.07401385,107.7642,yes,no,0,18,0,2,Male,Black
188,1,0,29.58333,1.95,0.004564103,6.5,yes,no,2,96,1,2,Male,White
189,1,0,33.75,5.0,0.0501734,209.0558,yes,no,3,10,1,10,Male,White
190,1,0,24.16667,2.8896,0.08017754,193.0675,no,no,0,12,0,0,Male,White
191,1,0,25.41667,2.7,0.06417074,144.3842,yes,no,1,17,1,8,Male,White
192,1,0,24.25,4.0,0.1076916999999999,358.9725,no,no,0,7,1,10,Female,White
193,1,0,24.08333,2.3,0.0309899999999999,59.1475,no,no,0,12,1,0,Female,White
194,1,0,32.0,2.4,0.0005,0.0,no,no,1,11,1,8,Male,Black
195,0,0,46.16667,2.6,0.0004615385,0.0,no,no,0,61,1,8,Female,Other
196,1,0,21.91667,2.4,0.2326392,465.195,yes,no,1,168,1,4,Male,Other
197,1,0,36.25,2.52,0.06781389,142.2425,no,no,2,53,0,3,Male,White
198,1,0,23.83333,1.56,0.3860019,501.8025,no,no,0,33,0,1,Female,Other
199,1,0,49.41667,2.4,0.04437958,88.5925,no,yes,0,14,1,6,Male,White
200,1,0,26.08333,2.0,0.1700255,282.8758,no,no,0,2,1,2,Male,White
201,1,1,29.16667,2.58,0.1680208999999999,361.1617,no,no,0,6,1,12,Female,White
202,1,0,33.0,3.15,0.05726571,150.1767,no,yes,0,128,0,3,Male,White
203,1,0,29.33333,2.3,0.04004043,76.24416,no,no,2,24,0,5,Female,White
204,1,0,47.58333,4.65,0.01516022,58.245830000000005,no,no,2,25,1,11,Female,Other
205,1,0,21.58333,3.12,0.03396795,88.23333000000001,no,no,0,56,1,3,Male,White
206,1,0,30.41667,2.0,0.0048,7.0833330000000005,yes,no,3,45,1,14,Female,Other
207,0,6,62.91667,2.55,0.0004705882,0.0,no,no,2,20,0,13,Female,Other
208,1,1,21.58333,2.46,0.1409972,289.0442,no,no,1,4,1,11,Male,White
209,1,0,30.66667,3.8,0.03251895,102.9767,no,no,0,26,0,1,Female,White
210,1,0,47.75,2.6372,0.006635826,13.916670000000002,yes,no,0,4,1,12,Male,White
211,1,1,39.75,7.0,0.1099579999999999,641.4216,yes,no,2,30,0,22,Female,White
212,0,0,53.16667,2.8,0.0004285714,0.0,no,no,1,156,0,11,Female,Black
213,0,0,22.83333,3.1475,0.000381255,0.0,no,no,2,19,0,0,Female,Black
214,0,1,24.91667,6.0,0.0002,0.0,no,no,2,17,1,2,Female,Black
215,1,0,25.16667,3.25,0.0312399999999999,84.275,no,no,0,6,1,17,Female,White
216,1,0,61.08333,4.32,0.03697246,132.8508,yes,no,1,252,0,0,Male,White
217,1,0,29.16667,2.5,0.0767256,159.595,no,no,0,7,1,21,Male,Other
218,1,0,35.33333,3.0,0.054018,135.045,no,no,1,6,1,8,Male,White
219,1,0,26.08333,3.5,0.08595,250.5208,no,no,0,52,1,2,Male,White
220,1,0,42.75,4.56,0.04965899,188.6208,no,no,0,144,1,11,Male,Other
221,1,0,27.58333,2.76,0.01036232,23.25,no,no,0,30,1,1,Male,White
222,1,0,22.5,2.535,0.1013325,214.065,yes,no,2,23,1,9,Male,White
223,0,7,40.91667,3.2388,0.0003705076,0.0,no,no,0,50,1,16,Female,Other
224,0,2,35.16667,3.84,0.0003125,0.0,no,no,0,38,0,2,Female,Black
225,1,0,32.83333,1.32,0.03875531,42.63083,no,no,1,6,1,2,Female,Black
226,0,0,25.83333,3.9,0.0003076923,0.0,no,no,0,18,1,3,Female,Black
227,0,0,56.91667,2.04,0.0005882353,0.0,yes,no,0,35,1,11,Female,Black
228,1,1,30.16667,7.2904,0.07818501,474.5,yes,no,4,43,1,14,Female,White
229,1,0,25.08333,7.5,0.04870107,304.3817,yes,no,0,300,1,8,Male,Other
230,1,0,34.58333,3.2604,0.02910716,78.75083000000001,no,no,1,31,1,6,Male,Black
231,1,0,24.66667,1.632,0.1754246,238.3275,no,no,1,4,1,5,Male,Other
232,1,0,40.75,8.0,0.04667138,311.1425,yes,no,2,38,1,0,Male,Other
233,1,0,31.33333,2.2,0.04216182,77.04666999999999,yes,no,2,17,1,16,Male,White
234,1,0,27.83333,5.0,0.0289767999999999,120.4033,yes,no,1,24,1,0,Male,Black
235,1,0,30.83333,3.0,0.0626289999999999,156.5725,yes,no,2,72,1,8,Female,White
236,1,0,46.25,2.0,0.00685,10.58333,yes,no,0,76,1,1,Male,Other
237,1,0,20.5,1.54,0.08959676,114.8158,no,no,0,6,1,2,Male,White
238,0,0,28.0,1.5,0.0008,0.0,no,no,1,5,0,0,Female,Black
239,1,0,51.66667,3.0,0.07210633,179.7658,yes,no,0,121,1,0,Male,Black
240,1,1,41.83333,5.0,0.1501082,625.3675,yes,no,3,84,1,7,Female,Other
241,1,0,51.75,4.7232,0.02165545,84.9025,yes,no,1,60,0,0,Male,Black
242,1,0,53.5,1.5,0.0008,0.0,yes,no,0,57,0,6,Male,White
243,1,0,26.08333,2.3,0.03560869,67.66666,no,no,0,24,1,0,Male,Other
244,1,0,20.5,1.6,0.08383188,111.6925,no,no,0,3,1,0,Female,White
245,1,0,27.75,2.2,0.1403463999999999,257.3017,no,no,0,3,0,1,Female,White
246,1,0,23.25,4.32,0.1877141,675.7708,no,no,2,36,1,11,Male,Other
247,0,0,23.08333,2.6,0.0004615385,0.0,no,yes,0,37,1,7,Female,Black
248,1,0,20.33333,1.6752,0.1757384,245.3308,no,no,0,10,1,0,Male,White
249,1,0,83.5,2.8725,0.005848564,13.333329999999998,yes,yes,0,38,0,11,Male,White
250,1,0,24.5,2.6,0.06905923,149.545,no,yes,0,21,1,2,Female,White
251,1,0,33.75,2.9,0.104841,253.3658,yes,no,2,14,1,20,Male,Other
252,1,0,25.08333,2.65,0.009650944,20.47917,no,no,0,12,1,9,Female,Other
253,1,0,26.91667,1.9,0.02667368,41.81667,no,no,0,18,1,9,Male,White
254,1,0,65.91666,2.95,0.04856136,118.7133,yes,no,1,230,1,19,Male,White
255,1,0,21.58333,3.12,0.08677917,225.4592,no,no,1,10,0,6,Male,White
256,1,0,35.0,4.1125,0.02962699,101.2008,yes,no,1,37,1,23,Male,White
257,0,1,46.0,6.0,0.0002,0.0,yes,no,2,84,1,46,Female,Black
258,1,0,25.33333,2.0,0.006652,10.42,no,no,0,24,1,19,Female,White
259,0,2,35.91667,3.38,0.0003550295999999,0.0,yes,no,2,18,1,15,Female,Black
260,1,0,33.66667,3.5,0.002742857,7.166667,no,no,0,12,1,0,Female,White
261,1,0,30.08333,2.6,0.005961538,12.08333,yes,no,4,51,1,16,Male,Other
262,0,11,26.41667,3.5,0.0003428572,0.0,no,no,0,14,0,27,Female,Other
263,1,1,24.58333,2.8,0.06297679,146.8625,no,no,0,14,1,11,Male,Other
264,1,0,37.75,5.9,0.06604102,324.6183,yes,no,3,28,1,11,Male,White
265,1,0,46.25,5.4,0.05977204,268.7242,yes,no,4,204,1,7,Male,White
266,1,0,29.5,2.8,0.1067854,249.1658,no,no,0,50,1,3,Male,Black
267,1,0,43.83333,3.9,0.01558974,50.08333,yes,no,3,179,1,6,Male,Other
268,1,0,46.91667,3.4,0.03101882,87.63667,no,no,0,42,1,4,Male,Black
269,1,0,21.83333,2.08,0.1174231,203.3667,no,no,0,5,1,0,Female,Black
270,1,0,57.66667,2.5,0.05074,105.125,yes,no,0,24,1,13,Male,White
271,1,1,23.66667,1.95,0.03098154,50.17833,no,no,0,3,1,4,Male,Other
272,1,0,25.66667,2.1,0.18692,327.11,no,no,0,15,1,6,Male,White
273,0,0,30.66667,3.0,0.0004,0.0,yes,no,1,28,1,6,Female,Black
274,1,1,34.83333,3.2,0.06567625,175.1367,yes,no,2,25,1,8,Male,Other
275,0,4,37.5,2.6,0.0004615385,0.0,no,no,0,40,1,14,Female,Black
276,1,0,40.33333,3.067,0.1596997,408.0825,no,no,2,18,0,0,Male,White
277,1,0,24.41667,2.8,0.0146375,33.57083,no,no,0,60,1,11,Female,White
278,1,0,31.25,4.8,0.1011433,404.49,yes,no,0,30,1,13,Male,White
279,0,0,41.16667,4.74,0.0002531646,0.0,yes,no,0,13,1,0,Male,Black
280,1,0,29.83333,2.8,0.03458607,80.45084,yes,no,0,80,1,14,Male,Other
281,1,0,35.91667,4.2,0.0026190479999999,8.333333,yes,no,4,59,1,13,Male,White
282,1,0,42.91667,4.0,0.07213325,240.2775,no,no,2,180,1,9,Male,White
283,0,4,25.83333,1.65,0.0007272727,0.0,no,no,0,36,1,5,Male,Black
284,1,0,34.16667,4.3,0.0249386,88.94667,no,no,1,12,1,2,Male,White
285,1,0,63.5,6.4532,0.0001859543,0.0,yes,no,0,42,1,13,Male,Black
286,1,1,21.91667,3.0,0.004701667,11.00417,no,no,1,18,0,7,Male,White
287,1,0,21.25,1.75,0.1932389,281.8067,no,no,0,6,0,3,Male,White
288,0,0,22.33333,1.8,0.0006666667,0.0,no,no,0,3,0,6,Female,Black
289,1,0,22.91667,2.15,0.009956279,17.171670000000002,no,no,0,12,1,1,Male,White
290,0,0,23.83333,7.88,0.0001522843,0.0,no,yes,4,6,1,9,Male,Other
291,0,2,26.83333,2.6,0.0004615385,0.0,no,no,0,12,1,9,Female,Black
292,1,0,35.83333,2.42,0.05948347,119.625,yes,no,0,56,1,10,Female,Other
293,1,0,41.08333,2.8,0.03716286,86.54666999999999,yes,no,0,48,0,6,Female,White
294,1,0,40.75,3.64,0.03113791,94.11833,no,no,1,41,1,1,Male,White
295,1,1,53.58333,9.9999,0.0998702,832.2433,yes,no,3,120,1,3,Male,White
296,0,0,20.75,1.95,0.0006153846,0.0,no,no,0,14,0,1,Female,Black
297,1,2,34.83333,6.5,0.1407467999999999,762.3784,yes,no,0,12,1,13,Female,White
298,1,0,32.16667,3.805,0.008436268,26.0,yes,no,0,51,1,7,Female,Other
299,1,0,40.75,2.15,0.1270335,227.6017,no,no,1,67,0,16,Male,White
300,1,2,38.58333,4.0,0.1139598,379.8658,no,no,0,120,1,8,Male,White
301,1,0,22.41667,3.1,0.2400212999999999,620.055,no,no,0,3,1,0,Female,White
302,0,0,31.0,4.0104,0.000299222,0.0,no,no,0,42,1,0,Female,Black
303,1,0,29.08333,4.58,0.01286856,48.615,no,no,0,50,1,7,Female,White
304,1,0,33.75,1.8,0.1306339,195.4508,yes,no,3,12,1,2,Male,White
305,0,4,38.0,1.7095,0.0007019597,0.0,no,no,2,42,1,2,Male,Black
306,1,0,21.91667,2.2593,0.06498916,122.1917,yes,no,0,6,1,0,Male,Black
307,1,0,26.41667,3.5,0.1319654,384.8992,no,no,2,12,1,0,Male,Other
308,1,0,40.33333,9.9999,0.01560016,129.3333,yes,no,4,72,1,21,Male,Other
309,1,0,23.75,1.5678,0.0007654036999999,0.0,yes,no,1,6,1,0,Male,White
310,1,0,37.58333,2.9623,0.002227999,4.5833330000000005,yes,yes,1,93,1,13,Male,White
311,1,1,27.75,2.7,0.09362111,210.6475,no,no,0,9,1,13,Male,Other
312,1,0,21.66667,2.16,0.1106287,198.5483,yes,no,0,18,1,7,Male,White
313,1,0,26.16667,4.0,0.0012,3.166667,no,no,2,18,0,0,Female,White
314,0,5,31.75,4.5,0.0002666667,0.0,yes,no,0,36,1,11,Female,Black
315,0,0,33.75,1.8,0.0006666667,0.0,yes,no,2,11,1,13,Female,Black
316,1,0,27.33333,2.75,0.06718982,153.7267,no,no,0,6,1,3,Male,White
317,1,0,39.75,2.42,0.01701942,34.15583,yes,no,1,49,1,25,Male,White
318,0,0,23.25,2.25,0.0005333333,0.0,no,no,3,12,1,0,Female,Black
319,0,0,23.91667,1.2,0.001,0.0,no,no,0,15,0,0,Female,Black
320,0,2,28.16667,2.6,0.0004615385,0.0,yes,no,2,31,1,3,Female,Black
321,0,0,26.33333,1.5,0.0008,0.0,no,no,0,8,1,0,Female,Other
322,1,0,25.33333,2.1,0.1966747999999999,344.1808,yes,no,1,22,1,19,Male,Other
323,1,0,0.1666667,3.24,0.1843663999999999,497.7058,yes,no,3,25,1,16,Male,Other
324,0,0,36.58333,2.22,0.0005405405999999,0.0,yes,no,2,4,1,0,Female,White
325,0,2,34.83333,4.9,0.000244898,0.0,no,no,2,408,1,3,Female,Black
326,1,0,41.58333,2.3,0.04575044,87.105,yes,no,0,42,1,12,Male,White
327,0,2,28.33333,3.3,0.0003636364,0.0,no,no,1,36,1,17,Female,Black
328,0,3,44.58333,2.5,0.0004799999999999,0.0,yes,no,2,62,1,18,Female,Other
329,1,0,34.0,2.205,0.04400998,80.86833,yes,no,2,4,1,10,Female,Other
330,1,1,35.83333,2.4,0.071715,143.3467,yes,no,0,27,1,18,Female,Other
331,1,0,22.0,2.7,0.04682963,105.2833,no,no,0,15,1,7,Male,Black
332,1,0,34.0,3.7,0.1893335,583.7783,yes,yes,2,5,1,2,Female,Black
333,0,5,27.66667,2.12,0.0005660376999999,0.0,no,no,0,44,1,10,Female,Black
334,1,0,34.5,6.2,0.1840382,950.8641,yes,no,0,60,1,11,Female,White
335,1,0,40.33333,2.5,0.0509016,105.9617,no,no,1,24,1,2,Male,Other
336,0,1,24.25,2.0,0.0006,0.0,no,no,0,52,0,3,Female,White
337,0,0,30.16667,2.4,0.0005,0.0,no,yes,2,72,1,11,Female,Other
338,1,0,45.0,4.03,0.04091464,137.0717,no,no,0,72,1,2,Male,White
339,0,0,31.66667,3.0,0.0004,0.0,no,no,0,12,0,0,Male,Black
340,1,0,24.91667,2.9,0.0005086207,0.3125,yes,no,0,60,1,8,Male,White
341,1,0,27.83333,1.99,0.06038794,100.1433,yes,no,1,12,1,5,Male,White
342,1,0,56.91667,1.92,0.2004224,320.6758,yes,yes,1,64,1,9,Male,Black
343,1,1,34.41667,5.0,0.1640627999999999,683.4283,yes,yes,1,108,1,6,Female,Black
344,0,2,32.58333,2.16,0.0005555556,0.0,yes,no,1,38,0,8,Male,Black
345,1,0,26.58333,2.2,0.07969773,145.6958,no,no,0,30,1,3,Male,White
346,1,0,20.41667,2.2375,0.05063821,93.91917,no,no,0,27,1,1,Male,White
347,0,2,40.0,2.4,0.0005,0.0,no,no,0,72,1,6,Female,Black
348,1,0,40.16667,1.9,0.1059958,167.8267,yes,no,3,108,1,17,Male,Other
349,1,0,25.66667,5.5,0.1535069,703.4067,yes,no,1,30,1,13,Male,White
350,0,0,32.08333,2.16,0.0005555556,0.0,no,no,0,42,0,0,Female,Black
351,1,2,26.0,7.0,0.221529,1292.003,no,yes,0,13,1,31,Female,White
352,0,3,36.91667,2.6,0.0004615385,0.0,yes,no,1,54,1,14,Female,Black
353,0,0,22.66667,2.5,0.0004799999999999,0.0,no,no,0,27,1,0,Male,Black
354,1,0,28.25,3.9,0.07661206,248.9058,no,no,0,48,1,10,Male,Other
355,1,0,49.16667,5.2,0.01664154,71.53,yes,no,1,15,1,6,Male,White
356,1,1,24.16667,3.25,0.1285348,347.9483,no,no,0,12,0,5,Male,Black
357,1,0,32.66667,3.6,0.001833333,4.5833330000000005,no,no,0,25,1,2,Female,Black
358,1,0,32.58333,10.0,0.09980781,831.7317,yes,no,3,7,1,28,Female,White
359,1,0,36.0,3.7,0.03311243,101.7633,yes,no,2,6,0,18,Male,Other
360,1,0,29.25,4.467,0.1139493999999999,424.1767,yes,yes,0,63,1,5,Male,White
361,0,0,36.41667,5.2,0.0002307691999999,0.0,yes,no,2,12,1,0,Female,Black
362,1,0,22.91667,4.8,0.05806896,232.2758,no,no,2,2,1,4,Male,Other
363,1,0,61.0,1.5,0.2685167,335.5625,yes,no,1,372,1,24,Male,White
364,1,0,54.41667,1.5,0.01661133,20.18083,no,no,0,24,0,1,Male,White
365,0,0,25.66667,1.8504,0.0006485083999999,0.0,no,no,0,14,1,0,Male,Other
366,1,0,30.33333,2.45,0.05832653,119.0,no,no,0,8,1,0,Female,Other
367,1,0,27.08333,1.89,0.04420053,69.0325,no,no,0,51,1,12,Female,White
368,1,0,39.0,3.5,0.04514543,131.6742,yes,no,2,113,0,13,Male,White
369,0,0,24.16667,2.7885,0.0004303389,0.0,no,no,0,4,1,0,Female,Black
370,1,0,47.08333,4.5,0.1395,523.125,yes,no,0,3,1,13,Male,White
371,0,4,24.83333,2.8,0.0004285714,0.0,no,no,0,12,1,7,Female,White
372,0,3,32.16667,2.8,0.0004285714,0.0,yes,no,3,106,0,11,Female,Black
373,1,0,33.08333,4.5,0.104378,391.4175,no,no,1,36,1,2,Male,Other
374,1,0,45.0,3.8,0.03137474,99.10333,yes,no,1,90,1,3,Female,White
375,0,0,32.83333,5.0,0.0002399999999999,0.0,no,yes,0,14,1,0,Male,Black
376,1,0,23.33333,2.7,0.1686141,379.2983,no,no,0,2,1,0,Male,White
377,0,2,25.16667,2.5,0.0004799999999999,0.0,no,yes,1,30,1,18,Male,White
378,1,0,26.58333,3.2,0.1495691,398.8508,yes,no,2,12,1,0,Male,Black
379,1,0,22.91667,1.92,0.02146354,34.09167,yes,no,2,12,1,21,Male,White
380,1,0,45.66667,2.3080000000000003,0.2200398999999999,423.1267,no,no,1,94,1,5,Male,White
381,0,0,29.16667,1.7,0.0007058823,0.0,no,no,1,28,1,0,Female,Black
382,1,0,48.91667,3.0,0.09670267,241.4233,yes,no,2,120,0,3,Female,White
383,1,0,39.75,2.45,0.0714951,145.7192,yes,no,3,38,1,8,Female,White
384,1,0,20.08333,3.4,0.0006470588,0.9166667,no,no,0,15,0,0,Male,White
385,1,0,32.91667,2.5,0.2457659999999999,512.0125,no,no,1,6,1,9,Male,White
386,1,0,39.66667,3.0,0.1275373,318.51,yes,no,0,72,1,9,Male,White
387,1,0,26.83333,3.15,0.07226063,189.6842,no,no,0,6,1,0,Male,Other
388,1,0,27.25,3.5,0.06670286,194.4667,no,no,0,6,1,0,Female,White
389,1,0,19.58333,1.8,0.121795,182.6092,no,no,0,12,1,0,Female,Other
390,1,0,24.08333,2.25,0.1584612999999999,297.0317,no,no,1,10,1,9,Male,White
391,1,0,22.83333,2.0,0.0229845,37.97417,no,no,0,25,1,11,Male,Other
392,1,0,27.08333,4.1,0.115781,395.585,yes,no,2,41,1,14,Female,Other
393,1,0,23.83333,2.97,0.08264108,204.5367,no,no,0,4,1,7,Female,White
394,1,0,41.66667,5.5,0.03244491,148.3725,yes,no,3,9,1,0,Female,White
395,1,0,27.25,3.15,0.06493969,170.4667,yes,no,2,24,1,9,Male,Black
396,1,0,46.5,3.5,0.0422899999999999,122.9292,no,yes,2,48,1,1,Female,White
397,1,0,21.08333,1.5344,0.004301356,4.5833330000000005,no,no,0,14,1,11,Male,White
398,1,0,32.33333,5.1,0.101359,430.6925,yes,no,0,38,1,10,Female,Black
399,1,0,22.58333,2.25,0.01111111,20.08333,no,no,0,12,1,4,Male,White
400,1,0,25.58333,3.41,0.0065225809999999,17.785,yes,no,1,7,1,6,Female,White
401,1,0,35.25,3.7,0.1221516,376.6342,yes,no,1,12,1,0,Male,White
402,0,0,34.58333,3.4,0.0003529412,0.0,no,no,0,12,1,0,Male,Other
403,1,0,35.75,4.14,0.1375308999999999,474.065,yes,no,0,12,1,18,Female,Other
404,0,4,38.25,4.8,0.00025,0.0,yes,no,1,42,1,6,Female,Black
405,1,0,34.75,7.0,0.05023986,293.0658,yes,no,3,3,1,0,Male,White
406,1,0,28.75,7.0,0.1083523999999999,631.9725,yes,yes,0,12,1,5,Male,Black
407,1,1,29.16667,2.2,0.03820546,69.79333000000001,no,no,0,49,1,7,Male,White
408,0,0,28.58333,2.06,0.0005825243,0.0,yes,no,0,31,0,12,Female,White
409,0,0,22.08333,1.536,0.00078125,0.0,no,no,0,12,0,3,Male,Black
410,0,3,36.5,4.0,0.0003,0.0,yes,no,0,28,1,12,Male,Other
411,1,0,43.83333,10.5,0.001095238,8.75,yes,no,4,168,1,16,Male,Other
412,1,0,32.0,3.05,0.0501859,127.4725,no,no,0,62,0,10,Male,Black
413,1,1,56.91667,3.4838,0.0628954,182.0958,yes,no,0,540,1,7,Male,Other
414,1,0,24.33333,3.0,0.002791667,6.1458330000000005,yes,no,2,18,1,6,Male,Other
415,1,0,34.58333,5.1,0.0970047,412.1867,yes,no,4,3,1,0,Male,White
416,1,0,53.0,2.45,0.01771837,35.675,yes,no,0,3,1,11,Male,Other
417,1,0,31.16667,2.0,0.1235615,205.9358,yes,no,1,42,0,6,Female,White
418,1,0,54.08333,4.0,0.01336725,43.97417,yes,no,1,188,1,13,Female,Black
419,1,0,45.83333,3.48,0.06486379,188.105,yes,yes,1,16,1,21,Female,White
420,1,0,20.83333,2.0,0.00475,7.0833330000000005,yes,yes,0,18,0,3,Male,White
421,1,0,27.33333,2.15,0.2703846,484.4392,no,no,0,6,1,12,Male,White
422,0,0,37.58333,4.475,0.0002681564,0.0,no,no,2,60,1,15,Female,White
423,1,0,33.25,1.7,0.006725882,8.778334,no,no,0,146,1,17,Male,Other
424,1,0,28.08333,3.0,0.06997,174.925,no,no,0,18,1,11,Female,Other
425,1,0,27.16667,2.3558,0.01112149,21.33333,yes,no,2,6,1,5,Male,White
426,1,0,50.0,4.5,0.09626533,360.995,yes,no,2,301,1,11,Male,White
427,1,0,48.33333,3.7,0.03722216,114.6017,yes,no,2,192,0,7,Female,White
428,1,0,25.25,5.5,0.02479182,113.2958,yes,yes,0,16,1,0,Male,White
429,1,0,30.75,3.374,0.01200622,33.5075,yes,no,0,10,1,9,Male,Black
430,1,0,63.16667,5.5,0.02048182,93.625,yes,no,1,192,1,15,Male,Black
431,0,1,32.33333,6.0,0.0002,0.0,yes,no,4,18,1,4,Female,Other
432,1,0,28.41667,6.9,0.07231405,415.8058,yes,no,0,14,1,0,Female,Other
433,1,0,28.91667,2.75,0.3822784999999999,875.8884,yes,no,1,3,1,3,Female,White
434,1,0,0.5833333,2.5,0.0831712,173.0233,no,no,0,150,1,5,Female,White
435,1,0,25.66667,2.0,0.0049,7.416666999999999,no,no,0,26,1,13,Male,White
436,1,0,21.91667,2.6875,0.07412688,165.93,no,no,3,85,1,12,Female,Black
437,1,0,27.16667,2.6796,0.007277206,15.583329999999998,no,no,4,36,1,4,Male,Other
438,1,0,22.5,1.8,0.1196106,178.9158,no,no,0,6,0,2,Female,White
439,1,0,25.33333,1.56,0.03501987,44.9425,no,no,1,12,1,0,Male,Black
440,1,0,20.16667,1.5,0.1196406999999999,149.5508,no,no,0,3,1,3,Male,White
441,1,0,25.0,1.8804,0.00297809,3.75,no,no,0,4,1,5,Male,Other
442,0,2,36.58333,2.52,0.0004761905,0.0,yes,no,0,77,1,9,Male,Other
443,1,0,19.66667,2.2348,0.04474897,82.92084,no,no,0,133,0,5,Male,Other
444,0,0,31.25,1.78,0.0006741573,0.0,no,no,0,14,1,0,Male,White
445,1,0,29.08333,4.01,0.002743142,8.333333,no,no,0,120,1,15,Male,White
446,1,0,51.58333,12.4999,0.2975549,3099.505,yes,no,1,120,1,21,Male,Black
447,1,0,31.5,1.6,0.2253456,300.4608,no,no,0,6,1,8,Female,White
448,1,0,46.5,5.0,0.0272399999999999,112.9167,yes,no,1,7,1,7,Female,White
449,1,0,24.66667,2.275,0.04983472,94.145,yes,no,2,31,1,6,Male,White
450,1,0,54.75,3.4,0.07603735,215.4392,no,no,1,12,1,7,Male,Black
451,1,0,21.41667,1.75,0.02445829,35.16833,yes,no,0,131,1,3,Male,White
452,1,0,27.08333,3.25,0.008601538,22.4625,yes,no,0,48,1,6,Male,White
453,1,0,45.08333,3.9,0.09064,294.58,no,no,0,120,1,12,Female,Black
454,0,0,35.91667,1.85,0.0006486487,0.0,no,no,0,62,0,0,Female,Black
455,1,0,40.91667,4.0,0.00331225,10.29083,yes,no,1,84,1,9,Male,White
456,1,0,54.5,4.3,0.1763946,632.0808,yes,no,1,120,1,6,Male,White
457,1,0,28.16667,3.5,0.1119656999999999,326.5667,yes,no,2,48,0,7,Female,White
458,1,1,34.08333,8.1,0.1107658999999999,747.67,yes,yes,3,36,1,15,Male,Other
459,1,1,30.0,4.0,0.05105425,170.1808,yes,no,5,28,1,7,Female,Other
460,1,1,33.91667,2.0,0.9063205,1510.534,no,no,0,12,1,5,Female,Other
461,0,0,0.75,3.0,0.0004,0.0,no,no,0,18,0,2,Female,Black
462,1,0,51.25,5.3,0.04344189,191.7017,no,no,1,108,1,2,Female,Black
463,0,7,25.91667,2.6,0.0004615385,0.0,no,no,3,36,1,11,Female,Black
464,1,0,27.91667,2.52,0.08961231,188.1858,no,no,1,12,1,0,Female,Other
465,0,0,23.83333,2.2,0.0005454546,0.0,no,no,0,31,0,0,Female,Black
466,1,0,29.0,2.5,0.5263956,1096.657,no,no,0,12,1,14,Female,White
467,1,0,33.5,3.5,0.094966,276.9842,no,no,0,4,1,13,Male,Black
468,0,1,30.83333,4.35,0.0002758621,0.0,no,no,0,28,1,5,Male,Black
469,0,0,38.75,1.6,0.00075,0.0,no,no,0,51,1,1,Female,Black
470,1,0,32.16667,2.0,0.023269,38.365,no,no,2,24,1,4,Male,White
471,1,1,43.33333,4.8,0.3706127,1482.368,yes,no,0,3,1,4,Female,White
472,1,0,29.83333,3.0,0.01855033,45.87583,yes,no,2,28,1,4,Female,Black
473,1,0,62.0,1.638,0.04700183,64.07417,yes,no,0,270,0,1,Male,White
474,0,2,35.5,2.9,0.0004137930999999,0.0,no,no,1,102,1,21,Female,Black
475,1,0,21.5,2.3779,0.01799908,35.16667,no,no,0,7,0,5,Female,White
476,1,0,38.25,2.3,0.0676087,129.4167,yes,no,0,3,1,3,Female,Other
477,1,0,39.58333,8.1,0.09833618,663.7692,yes,no,3,43,1,13,Male,Other
478,0,2,40.5,3.57,0.0003361345,0.0,no,yes,0,31,1,7,Female,Black
479,0,0,34.25,1.944,0.000617284,0.0,no,no,1,54,1,1,Male,Other
480,1,0,34.83333,2.75,0.03314945,75.63417,yes,no,0,151,1,11,Female,White
481,1,0,28.16667,3.5,0.0016,3.75,yes,no,1,31,1,7,Female,Other
482,1,0,47.16667,7.0,0.05167186,301.2525,yes,no,1,144,1,8,Male,White
483,1,0,28.16667,2.8,0.096285,224.5817,no,no,0,5,0,1,Male,White
484,1,0,22.41667,1.95,0.03733385,60.58416999999999,no,no,0,3,1,0,Male,Black
485,0,0,45.5,6.5,0.0001846154,0.0,no,no,2,34,1,9,Female,Black
486,1,0,22.91667,2.5,0.2395248,498.9267,no,no,0,2,1,0,Male,White
487,1,1,37.08333,3.0,0.003666667,8.333333,no,no,0,60,1,9,Male,Other
488,1,0,27.25,1.8,0.07033833,105.5075,yes,no,2,6,1,4,Female,Other
489,1,0,39.58333,2.6,0.02623077,56.33333,yes,no,3,70,1,9,Male,Other
490,1,0,51.83333,3.6,0.070965,212.4783,yes,no,1,125,1,13,Female,White
491,1,0,23.66667,2.3,0.007781739,14.33167,no,no,2,14,0,0,Male,White
492,0,1,21.5,1.78,0.0006741573,0.0,no,no,0,5,1,1,Male,Other
493,1,0,21.91667,3.86,0.0003108808,0.0,yes,yes,0,18,1,8,Male,Other
494,1,0,45.58333,4.9,0.01453408,58.93083000000001,yes,no,2,159,1,4,Female,White
495,0,0,39.91667,3.6,0.0003333333,0.0,no,no,0,14,0,0,Male,Other
496,1,0,42.25,3.235,0.02476569,66.26417,yes,no,2,36,1,3,Male,Black
497,0,2,27.5,1.85,0.0006486487,0.0,no,no,0,24,1,12,Male,Other
498,1,0,25.75,1.85,0.05965243,91.96417,yes,no,0,24,1,9,Female,White
499,1,0,25.41667,1.56,0.1660627999999999,215.8817,no,no,0,12,1,0,Female,White
500,1,0,31.83333,4.075,0.007014479,22.98667,yes,no,1,101,1,9,Female,White
501,0,5,25.25,3.3,0.0003636364,0.0,yes,no,1,75,1,23,Female,White
502,1,0,24.16667,2.51,0.1149625,240.38,no,no,0,10,1,12,Male,White
503,1,0,28.16667,4.375,0.02481051,89.955,yes,no,1,84,0,1,Male,White
504,1,0,26.58333,2.35,0.06488553,126.6508,no,no,1,26,1,2,Male,White
505,1,0,20.91667,4.0,0.042129,140.3467,yes,no,0,24,1,4,Male,Other
506,0,2,35.58333,5.1,0.0002352941,0.0,yes,no,1,63,1,8,Female,Black
507,1,0,32.16667,3.0,0.1178903,294.5592,yes,no,2,9,1,0,Male,White
508,1,0,28.66667,3.5,0.02358028,68.35916999999999,yes,no,5,42,1,12,Male,White
509,1,0,39.75,3.5,0.03496943,101.4942,yes,no,0,12,1,0,Male,White
510,1,0,34.83333,5.5,0.2375431,1088.739,yes,no,4,12,1,0,Female,White
511,1,0,51.75,3.8,0.01511711,47.7875,yes,no,1,51,1,5,Female,White
512,1,0,22.66667,1.79,0.03404134,50.02833,no,no,0,3,1,0,Male,Black
513,1,0,38.25,5.1,0.08108,344.0067,yes,no,3,126,1,17,Female,Other
514,1,0,46.25,8.94,0.02528568,188.295,yes,no,0,96,1,17,Female,White
515,1,0,50.33333,7.1,0.04148197,245.3517,yes,no,2,12,1,0,Female,Other
516,1,0,32.08333,2.4,0.1426412999999999,285.2825,yes,no,0,96,0,8,Male,White
517,1,1,30.58333,3.305,0.006686838,17.58333,no,no,0,19,1,12,Male,Black
518,1,0,38.83333,6.5,0.2897866,1569.677,yes,no,4,117,1,18,Male,White
519,1,0,39.58333,4.81,0.01105884,43.74417,yes,no,1,8,1,9,Male,White
520,1,0,39.66667,3.0,0.02240434,55.760830000000006,yes,yes,1,132,1,22,Male,Black
521,1,0,41.66667,2.7,0.04356111,97.5125,yes,no,2,28,1,11,Male,White
522,1,0,38.83333,5.4,0.01299352,58.05416,yes,yes,0,108,1,17,Female,White
523,1,0,37.08333,8.124,0.03150603,213.1292,yes,yes,3,120,1,5,Male,Other
524,1,0,27.83333,3.04,0.03792664,95.9975,no,no,0,13,1,0,Female,Other
525,1,1,29.5,2.08,0.03545144,61.19917,yes,no,2,12,1,11,Female,Black
526,1,0,28.91667,1.511,0.0007941761,0.0,no,no,0,44,1,15,Female,White
527,0,1,31.08333,3.0,0.0004,0.0,yes,no,2,51,1,2,Female,Black
528,1,0,30.33333,2.6,0.2956862,640.6533,yes,no,0,25,1,4,Male,Other
529,1,0,37.41667,2.5,0.0298332,61.73583000000001,yes,no,2,120,0,4,Female,Other
530,1,0,44.58333,3.5,0.01198229,34.53167,yes,no,1,33,1,13,Male,White
531,1,0,25.33333,2.4,0.1066462,213.2925,no,no,0,5,1,10,Male,White
532,1,0,26.83333,2.32,0.0075862069999999,14.0,no,no,0,2,1,0,Male,White
533,1,0,46.16667,2.58,0.07673334,164.6433,yes,no,2,120,0,15,Male,White
534,1,0,28.08333,2.1,0.09068,158.6067,yes,no,1,24,0,11,Male,White
535,1,0,38.41667,2.35,0.06853744,133.9692,no,no,1,72,1,8,Male,Other
536,1,0,46.75,2.8,0.0004285714,0.0,yes,no,1,84,1,2,Male,White
537,0,2,52.25,3.7,0.0003243243,0.0,no,no,4,1,1,6,Male,Black
538,0,0,37.16667,1.68,0.0007142857,0.0,yes,no,3,120,0,8,Female,Other
539,0,0,25.33333,2.64,0.0004545455,0.0,no,no,0,24,1,33,Male,Black
540,1,1,28.25,2.3,0.03489609,66.30083,yes,no,1,24,1,14,Female,Other
541,1,2,35.33333,6.888,0.01023621,58.50583,yes,no,0,5,1,18,Male,White
542,0,4,25.41667,4.0,0.0003,0.0,no,no,0,36,1,32,Male,Black
543,1,0,28.16667,2.0,0.06025,100.4167,yes,no,1,38,0,8,Male,Other
544,0,0,19.0,1.97,0.0006091371,0.0,no,no,1,24,1,2,Female,Black
545,1,0,25.41667,3.0,0.01046967,25.5075,no,no,2,3,1,11,Female,Black
546,1,0,26.08333,2.75,0.1835625,420.5808,yes,no,1,6,1,11,Female,Black
547,1,0,31.25,5.0,0.0743784,309.91,yes,no,2,12,1,12,Female,Other
548,1,0,33.66667,2.1,0.0449081,78.25584,no,no,4,12,1,0,Male,Other
549,1,0,27.91667,4.0,0.03709175,123.2225,yes,no,2,2,1,0,Female,White
550,1,1,48.33333,3.0,0.03187233,79.17583,yes,yes,0,180,1,12,Female,White
551,1,0,36.83333,3.3,0.1568097,431.1433,no,no,0,3,1,0,Male,Other
552,0,3,45.41667,2.35,0.0005106383,0.0,no,no,0,36,1,15,Female,Other
553,0,2,53.0,2.16,0.0005555556,0.0,no,yes,0,74,0,5,Female,Black
554,1,0,27.58333,3.9,0.04137513,134.3858,yes,no,3,12,1,6,Female,Black
555,1,0,40.0,2.3115,0.02862341,54.96917,no,no,1,158,1,9,Male,Black
556,1,0,49.16667,1.7,0.0007058823,0.0,no,no,1,14,0,6,Male,White
557,1,0,40.33333,2.0,0.0723855,120.5592,no,no,0,24,1,4,Female,Black
558,1,0,23.83333,4.8,0.0801424999999999,320.4867,no,yes,0,42,1,2,Male,White
559,1,0,34.25,3.0,0.5409953000000001,1352.4879999999998,yes,no,0,72,1,3,Male,Other
560,1,0,21.41667,1.56,0.06716603,87.14917,no,no,0,24,0,5,Female,White
561,1,0,39.33333,2.0,0.049059,81.265,yes,no,2,200,1,9,Female,Black
562,1,0,24.25,2.6,0.2969185,643.3233,no,no,1,10,1,11,Male,White
563,1,0,47.83333,4.68,0.03474402,134.9183,yes,no,1,210,1,6,Female,Black
564,1,0,34.83333,4.0,0.2582514999999999,860.755,no,yes,0,204,0,6,Male,Black
565,1,0,52.25,1.8744,0.0552038,85.97833,yes,no,0,250,1,4,Male,White
566,1,3,47.5,3.1,0.1792845,463.1517,no,no,0,24,1,15,Female,Other
567,1,0,25.75,2.8,0.05751464,134.2008,no,no,0,6,0,3,Male,White
568,1,0,24.08333,2.04,0.1136103,192.7208,no,no,0,109,1,5,Male,Black
569,1,0,24.5,2.1,0.3213480999999999,562.3592,no,no,0,28,1,5,Male,Other
570,1,0,22.33333,2.0,0.164968,274.9467,no,no,0,13,1,7,Male,Black
571,1,0,33.16667,5.6,0.08529589,398.0475,yes,no,4,84,1,4,Female,Other
572,1,0,38.91667,3.0,0.04979033,124.4758,yes,no,1,84,1,11,Male,Other
573,1,0,22.16667,2.4,0.08183375,163.4175,no,no,0,23,1,0,Female,Black
574,1,0,23.33333,1.85,0.06057946,93.31,no,no,0,4,1,1,Male,White
575,1,0,24.08333,2.9,0.04706862,113.2492,yes,no,0,60,1,3,Female,White
576,0,0,26.66667,2.0,0.0006,0.0,no,yes,1,63,1,2,Female,Black
577,1,0,52.41667,1.89,0.02392328,37.42916,no,no,0,240,1,6,Male,Other
578,1,0,20.25,2.0,0.2048969999999999,341.245,no,no,0,24,1,7,Male,Other
579,1,0,25.41667,1.6417,0.3715959,508.2908,no,no,0,19,1,9,Male,White
580,0,4,22.75,2.34,0.0005128205,0.0,no,no,0,61,1,6,Female,Black
581,1,0,24.41667,1.9,0.2731215999999999,432.3592,no,no,0,19,1,6,Male,White
582,1,0,21.5,1.53,0.03650327,46.29167,yes,no,0,22,1,11,Male,White
583,1,0,22.41667,3.9946,0.07619161,253.6292,no,no,0,268,1,2,Male,Other
584,1,0,46.33333,1.6,0.04630688,61.7425,no,no,0,162,1,11,Male,Black
585,1,0,19.41667,1.8,0.08415,125.8917,no,no,0,3,1,0,Male,Other
586,1,1,29.83333,3.7,0.595776,1836.976,no,no,0,24,1,7,Male,Black
587,1,0,28.91667,2.1,0.009285714,15.583329999999998,no,no,0,28,1,5,Male,Other
588,1,0,26.66667,2.0,0.03145,51.75,no,no,1,6,1,1,Female,Other
589,0,1,44.83333,2.6,0.0004615385,0.0,yes,no,0,48,1,1,Female,Black
590,1,0,27.0,2.675,0.03482019,77.28667,yes,no,0,135,1,0,Female,Other
591,0,1,30.16667,4.16,0.0002884615,0.0,yes,yes,2,37,1,15,Female,Black
592,1,0,24.83333,2.1,0.1375624,240.4842,no,no,1,24,1,5,Male,White
593,1,0,28.0,2.4,0.0337825,67.39833,no,no,1,24,1,4,Male,White
594,1,0,39.16667,3.12,0.02673974,69.27333,yes,yes,2,66,1,5,Male,Other
595,1,0,31.41667,3.0,0.06917133,172.5717,yes,no,1,24,1,13,Female,White
596,1,0,40.41667,3.115,0.07675923,199.0042,yes,no,1,60,1,11,Male,White
597,0,3,23.16667,1.6213,0.0007401468,0.0,no,no,1,144,0,4,Male,Black
598,1,0,43.58333,4.3681,0.04429271,160.4792,yes,no,2,110,1,10,Female,Black
599,0,0,25.16667,2.5340000000000003,0.0004735596,0.0,no,no,0,14,1,3,Male,Black
600,0,2,40.58333,3.1,0.0003870968,0.0,yes,no,1,66,1,5,Female,Black
601,0,7,32.08333,2.7161,0.0004418098999999,0.0,no,no,1,60,0,10,Female,Other
602,1,0,42.16667,4.04,0.01336535,44.41333,no,no,0,5,1,6,Male,White
603,1,0,47.33333,2.7495,0.2148416,492.2558,no,no,0,156,0,11,Male,White
604,1,0,27.83333,3.0,0.1608052999999999,401.93,no,no,1,24,1,2,Male,White
605,1,0,30.66667,3.15,0.06829016,179.1783,yes,no,1,19,1,9,Male,Other
606,0,0,38.5,5.97,0.000201005,0.0,yes,no,1,3,1,19,Female,Black
607,1,0,31.0,2.6,0.0841927,182.1675,no,no,0,5,1,0,Male,White
608,0,0,47.91667,8.4,0.0001428570999999,0.0,yes,no,3,6,1,0,Male,Black
609,1,0,21.91667,1.95,0.03838103,61.9525,no,no,0,40,0,4,Female,White
610,1,0,36.75,3.0,0.032497,80.82584,yes,no,3,134,0,4,Male,Other
611,1,0,23.5,2.8,0.003928571,8.333333,yes,no,0,12,1,3,Male,Other
612,1,1,25.33333,4.55,0.04465253,169.0575,yes,no,1,42,1,10,Female,White
613,1,0,21.25,1.99,0.03496332,57.980830000000005,no,no,2,8,1,5,Male,White
614,1,0,48.91667,4.5,0.05416889,203.1333,no,no,2,17,1,0,Male,White
615,0,0,35.58333,4.0,0.0003,0.0,no,no,2,70,1,1,Female,Other
616,1,0,39.08333,3.5,0.06206229,181.015,yes,no,1,42,1,0,Male,White
617,0,1,27.66667,2.15,0.0005581395,0.0,no,no,0,97,1,1,Female,White
618,0,0,23.25,1.62,0.0007407407,0.0,no,no,0,32,1,7,Female,Black
619,1,0,31.16667,3.5,0.1656494,483.0608,no,no,1,14,0,0,Male,White
620,1,0,26.83333,2.9,0.006872069,15.940829999999998,yes,yes,1,26,1,3,Male,Black
621,1,0,39.25,3.4064,0.06364079,180.655,no,yes,1,120,1,7,Male,Black
622,1,0,24.83333,4.0,0.00165,4.5833330000000005,no,yes,2,48,1,4,Male,Other
623,1,0,27.16667,2.6,0.8778461,1902.0,no,no,0,4,1,7,Male,White
624,1,0,24.66667,2.0676,0.2071183999999999,356.7817,no,no,0,4,1,17,Male,White
625,1,0,44.66667,2.4,0.0005,0.0,no,no,0,36,1,11,Female,White
626,1,0,25.16667,3.42,0.008915205,24.575,no,no,0,3,1,0,Male,Other
627,1,0,21.91667,6.7,0.05414866,302.2467,no,no,0,8,1,6,Male,White
628,1,0,40.41667,5.43,0.007506077,33.215,no,no,0,14,1,11,Male,White
629,1,0,24.08333,1.62,0.01050802,13.68583,no,no,0,12,0,4,Female,White
630,1,0,31.83333,2.4192,0.05800388,116.3525,no,no,0,24,1,7,Male,White
631,1,0,24.66667,3.4,0.05114029,144.3975,no,no,0,12,1,8,Male,White
632,1,0,47.41667,3.6,0.03811111,113.75,yes,yes,2,120,1,12,Male,White
633,1,0,27.16667,2.5,0.0887728,184.9433,no,no,0,12,1,8,Female,White
634,1,0,49.58333,1.75,0.01074229,15.3325,yes,no,1,38,1,3,Female,White
635,1,0,32.0,2.5,0.0544468,113.1808,no,no,0,8,1,5,Male,Other
636,1,0,35.0,4.5,0.01022222,37.58333,yes,no,3,144,1,3,Male,White
637,0,1,26.16667,2.466,0.000486618,0.0,yes,no,0,14,1,20,Female,Other
638,1,0,20.66667,2.7,0.06984445,156.9,no,no,1,38,1,10,Male,Black
639,0,0,34.25,2.4,0.0005,0.0,no,no,0,27,1,2,Female,Black
640,1,0,49.83333,6.9,0.06075971,349.2017,yes,no,3,160,0,0,Male,Other
641,1,0,40.75,4.8,0.1537802,615.1208,yes,no,3,122,1,17,Male,Other
642,1,0,20.83333,1.92,0.1300521,208.0833,no,no,0,84,1,6,Male,White
643,1,0,40.33333,2.8,0.03813821,88.73917,no,no,3,19,0,0,Male,Other
644,1,0,25.08333,1.6949,0.02467697,34.52083,no,no,0,3,0,16,Female,White
645,1,0,29.33333,3.5,0.1257411,366.745,no,no,0,19,1,0,Male,Black
646,1,1,40.5,2.25,0.02382222,44.0,no,no,0,86,1,10,Male,Other
647,0,2,30.75,2.315,0.0005183585,0.0,no,no,1,17,1,8,Female,Black
648,1,0,30.66667,4.0,0.09011575,299.8858,yes,no,1,37,0,6,Female,White
649,1,0,40.0,4.5,0.09576601,359.1225,no,no,5,2,1,0,Female,White
650,1,0,23.0,3.1782,0.09312976,246.5708,no,no,0,17,1,3,Male,White
651,1,0,23.08333,3.0,0.02586333,63.99166,no,no,0,3,1,0,Male,White
652,1,0,31.33333,3.0,0.020658,51.645,yes,no,2,44,0,12,Female,White
653,0,0,24.58333,2.0,0.0006,0.0,no,no,0,7,0,6,Male,Black
654,1,0,36.5,3.5,0.2171703,633.4133,yes,no,0,95,1,17,Male,Other
655,1,0,0.5833333,4.0,0.0726635,242.1283,yes,no,3,24,1,4,Male,White
656,0,0,28.83333,2.58,0.0004651162999999,0.0,yes,no,0,41,1,11,Female,Other
657,1,0,45.58333,11.9999,0.02006617,200.4933,yes,yes,1,24,1,6,Male,Black
658,1,1,0.5,3.7,0.01063703,32.46416,no,no,0,186,0,5,Male,White
659,0,0,23.25,1.4340000000000002,0.0008368201,0.0,yes,no,0,12,1,6,Female,Other
660,1,0,38.91667,3.68,0.01952256,59.61917,yes,no,3,44,1,11,Male,White
661,0,0,23.83333,2.55,0.0004705882,0.0,yes,no,2,24,1,0,Male,White
662,0,4,37.25,3.5,0.0003428572,0.0,yes,no,2,15,1,9,Male,Black
663,1,0,28.25,2.3,0.1644965,315.2017,yes,no,1,13,0,4,Male,Black
664,1,0,26.25,3.1894,0.09721233,258.2908,no,no,0,10,1,11,Male,Other
665,1,0,26.5,2.35,0.0005106383,0.0,no,no,0,36,1,11,Male,White
666,0,4,25.83333,1.97,0.0006091371,0.0,no,no,0,7,1,6,Female,Black
667,1,0,41.25,3.6,0.1525236,457.4875,yes,no,3,68,1,10,Female,White
668,0,1,38.58333,3.2,0.000375,0.0,no,no,2,14,1,6,Female,Black
669,1,0,34.75,2.0,0.0033,4.5833330000000005,yes,no,2,38,1,6,Male,White
670,1,0,31.5,2.85,0.3137003,745.0383,yes,no,2,30,1,11,Male,White
671,1,0,24.0,3.095,0.0698588,180.1775,yes,no,1,12,1,23,Female,White
672,1,0,25.16667,1.5,0.08980467,111.8392,yes,no,1,14,1,19,Female,Black
673,1,0,57.08333,4.8,0.1534315,613.6425,yes,no,0,138,1,4,Male,White
674,1,0,23.83333,2.6,0.1539746,333.6117,no,no,0,6,1,0,Male,Other
675,1,0,23.16667,2.85,0.08745825,207.7133,yes,no,1,50,0,8,Male,White
676,1,0,28.16667,3.35,0.07162478,199.3692,yes,no,0,18,1,2,Male,White
677,1,0,32.58333,1.8142,0.05414067,81.435,yes,no,0,9,1,22,Female,White
678,1,0,34.83333,3.6,0.03882722,116.315,yes,yes,4,48,1,8,Female,White
679,0,0,31.08333,1.515,0.0007920792,0.0,no,no,2,20,1,0,Female,Black
680,1,0,24.83333,2.4,0.26509,530.18,no,no,1,24,1,13,Female,Other
681,0,0,38.66667,3.0,0.0004,0.0,no,no,0,36,0,2,Female,Black
682,0,7,36.91667,3.5,0.0003428572,0.0,yes,no,2,60,1,7,Male,Black
683,1,0,29.75,3.0,0.046713,116.4492,yes,no,1,12,1,8,Male,White
684,1,0,34.75,2.34,0.1833798999999999,357.5908,yes,no,0,108,0,11,Male,Other
685,1,0,25.08333,2.1,0.1227771,214.86,no,no,0,26,1,17,Female,Black
686,1,0,22.16667,1.6,0.1506275,200.5867,yes,no,0,27,1,3,Female,Other
687,1,0,26.66667,2.216,0.03075632,56.463330000000006,no,no,0,10,1,2,Male,Black
688,1,0,32.0,3.65,0.0060821919999999,17.66667,yes,no,2,20,1,17,Female,Other
689,0,6,39.33333,3.2,0.000375,0.0,no,no,0,88,1,7,Female,Black
690,0,0,30.91667,2.6,0.0004615385,0.0,no,no,0,5,0,0,Male,Black
691,1,1,60.08333,6.1,0.0943482,479.4367,yes,no,1,244,1,14,Male,Black
692,0,2,36.41667,3.0,0.0004,0.0,no,no,0,74,1,16,Male,Black
693,1,0,36.91667,4.5,0.08238,308.925,yes,no,0,60,1,16,Male,Black
694,1,0,28.83333,2.184,0.07956502,144.6417,yes,no,0,5,1,14,Male,Other
695,0,0,66.5,3.25,0.0003692308,0.0,yes,no,3,300,1,13,Female,Black
696,1,0,35.16667,2.2,0.1334473,244.6533,yes,no,1,13,1,9,Female,White
697,1,0,74.16666,2.8065,0.01688936,38.83333,yes,no,0,511,1,10,Male,White
698,1,0,28.41667,2.4304,0.2284344,462.6558,yes,no,2,29,1,17,Male,Other
699,1,0,55.16667,6.7,0.03858522,214.9342,yes,no,1,300,1,13,Female,White
700,0,1,38.33333,4.0,0.0003,0.0,yes,yes,3,40,1,7,Female,White
701,0,0,37.83333,5.16,0.0002325581,0.0,yes,yes,0,86,1,1,Male,Other
702,1,0,39.66667,5.1,0.05751137,244.4233,yes,no,3,132,1,15,Male,Black
703,1,0,44.58333,4.2,0.03867167,135.1842,yes,no,2,150,0,2,Female,White
704,1,0,30.75,5.6,0.03980107,185.7383,yes,no,0,1,0,8,Female,White
705,1,0,23.41667,1.86,0.2670520999999999,413.5975,no,no,0,3,1,4,Female,White
706,0,0,27.41667,1.64,0.0007317073,0.0,no,no,0,104,1,0,Female,White
707,1,0,51.91667,6.8,0.002705882,14.666670000000002,no,no,0,38,0,5,Female,White
708,1,0,22.83333,1.8468,0.011423,16.91333,no,no,0,48,1,4,Female,White
709,0,0,22.5,1.8,0.0006666667,0.0,no,no,2,4,1,0,Male,Black
710,0,1,36.83333,3.0,0.0004,0.0,yes,no,1,12,1,16,Female,Black
711,1,0,36.41667,2.2,0.01145455,20.33333,yes,no,0,77,1,0,Female,Black
712,0,1,22.75,1.8,0.0006666667,0.0,no,no,0,6,1,2,Female,Black
713,1,0,32.0,2.6,0.0029615379999999,5.5833330000000005,no,no,0,84,1,21,Male,Other
714,0,0,27.08333,2.0,0.0006,0.0,no,no,0,24,1,4,Male,Black
715,1,0,38.33333,5.0,0.0572476,238.365,yes,no,3,9,1,0,Male,Other
716,1,0,28.66667,4.22,0.08559075,300.9942,yes,no,1,22,1,3,Male,White
717,1,0,38.16667,4.0188,0.1649273,552.3417,no,no,3,102,0,3,Male,Other
718,1,0,26.08333,3.0,0.045469,113.5892,no,no,0,28,1,8,Male,White
719,1,0,22.0,3.1532,0.03821515,99.91666,no,no,0,14,0,3,Male,White
720,1,0,23.5,2.8,0.06339286,147.3333,no,no,0,64,1,8,Male,Other
721,1,0,29.58333,2.86,0.2015342999999999,480.3233,no,no,0,47,1,1,Male,Other
722,1,0,23.08333,2.04,0.1794971,304.895,no,no,0,12,1,9,Male,White
723,1,0,33.83333,3.5,0.02189943,63.45667,yes,no,0,12,1,8,Female,White
724,1,0,64.58334,7.125,0.02533895,149.7,yes,no,1,241,1,8,Male,Black
725,0,0,23.5,2.5,0.0004799999999999,0.0,no,no,0,36,0,0,Male,Other
726,1,0,23.83333,3.3,0.06044576,166.0592,no,no,0,2,1,5,Female,Black
727,1,0,36.91667,2.2,0.08092181,148.19,no,no,1,8,1,4,Male,Other
728,1,1,38.25,3.2,0.04545781,121.2208,yes,no,1,84,0,12,Male,White
729,1,0,22.0,4.0,0.0480585,160.0283,yes,no,0,27,1,4,Male,Black
730,1,0,38.5,5.5689,0.04341593,201.4825,no,no,3,30,1,7,Female,Other
731,1,0,36.58333,7.0,0.01020614,59.11917,yes,no,3,18,1,5,Male,Other
732,0,1,26.25,2.3,0.0005217391,0.0,no,no,0,66,1,3,Female,Other
733,1,0,21.5,5.5,0.07795545,356.8792,no,no,0,50,1,0,Male,Black
734,1,1,41.41667,2.5,0.07657401,159.1958,no,yes,2,131,0,3,Male,Other
735,0,1,40.83333,2.5,0.0004799999999999,0.0,yes,no,1,96,1,8,Male,Black
736,1,0,25.16667,8.0,0.01700675,112.8783,yes,no,2,18,1,0,Male,Other
737,1,0,23.5,1.83,0.07156994,108.9775,no,no,1,12,0,10,Male,White
738,1,0,27.25,2.9,0.03821552,91.6875,no,no,0,9,0,3,Female,Black
739,0,3,38.75,4.7,0.0002553191,0.0,yes,no,3,36,1,8,Male,Black
740,0,2,23.08333,1.725,0.0006956522,0.0,no,no,0,204,0,5,Male,Black
741,0,0,37.25,1.5548,0.0007718034,0.0,no,no,1,36,1,0,Male,Black
742,1,0,41.58333,3.82,0.1451636,462.0208,no,no,2,36,1,2,Male,Other
743,1,0,52.41667,2.4,0.06928459,138.5692,no,yes,1,96,1,2,Male,Other
744,1,0,31.75,2.4,0.1869583,373.4167,no,no,1,54,0,1,Male,White
745,1,0,36.0,3.0,0.121849,304.6225,no,no,1,180,1,5,Female,White
746,1,0,21.41667,1.6,0.2893312,385.775,no,no,0,192,1,3,Male,Other
747,1,0,42.08333,2.68,0.1430284,319.43,no,no,1,84,1,0,Female,Other
748,1,0,32.33333,6.3,0.08876603,465.9383,no,yes,4,60,1,7,Female,White
749,1,0,24.25,1.6,0.04509,59.78667,no,no,0,43,1,2,Female,Other
750,1,0,32.25,2.6,0.07879038,170.4625,no,no,1,76,0,3,Female,White
751,1,0,28.91667,2.1,0.1384924,242.195,no,no,2,24,1,7,Male,Other
752,0,1,28.33333,1.9324,0.0006209894,0.0,no,no,2,74,1,4,Female,Black
753,1,0,23.16667,2.5,0.2298219999999999,478.7125,yes,no,0,12,1,4,Male,Other
754,0,1,44.58333,1.8,0.0006666667,0.0,no,yes,0,60,1,2,Female,Black
755,1,0,31.41667,3.56,0.03320618,98.345,no,no,0,72,1,9,Male,Black
756,1,0,24.91667,3.4,0.1063297,301.0175,no,no,0,17,1,7,Male,Black
757,1,0,28.25,2.55,0.2395941,509.0542,no,no,1,90,1,3,Male,Black
758,1,0,47.41667,4.92,0.0448939,183.8983,yes,yes,1,288,1,14,Female,White
759,1,0,26.41667,3.9,0.01446872,46.52333,no,no,0,30,1,13,Male,White
760,1,0,37.08333,5.2,0.05915846,256.1867,no,no,0,12,0,0,Male,White
761,1,0,54.41667,9.0,0.06282978,470.9733,yes,no,3,147,1,6,Male,White
762,1,0,35.25,6.0,0.4582348,2291.174,no,no,2,10,1,0,Male,White
763,1,0,35.5,7.5,0.0205616,128.4267,yes,no,4,19,1,12,Male,White
764,1,0,44.5,9.0,0.2599927,1949.862,no,no,2,4,1,7,Male,Other
765,1,0,20.16667,2.1,0.1538495,269.1533,no,no,1,27,0,6,Female,White
766,1,0,23.75,3.0,0.016826,41.48167,no,no,3,18,1,3,Male,Black
767,1,0,27.58333,2.6,0.03666654,79.36083,no,no,0,168,1,5,Male,Other
768,1,0,54.75,5.48,0.1342037,612.8633,yes,no,1,146,1,4,Male,White
769,1,0,40.33333,8.2,0.02820012,192.4508,yes,no,3,172,1,15,Male,Black
770,1,1,32.83333,2.5,0.1573136,327.7367,no,no,0,147,1,3,Male,Other
771,1,0,28.5,3.0,0.07104634,177.6158,yes,no,0,20,1,0,Male,White
772,1,0,35.5,6.5,0.067598,365.9058,yes,no,0,6,1,0,Female,White
773,1,1,56.75,7.572,0.006669308,41.33333,yes,yes,2,39,1,18,Male,White
774,1,1,28.16667,2.0,0.0518389999999999,86.14833,no,no,1,61,1,2,Male,White
775,0,3,31.0,3.25,0.0003692308,0.0,no,no,1,72,1,7,Female,White
776,0,2,24.0,3.0,0.0004,0.0,no,no,0,24,1,4,Female,Black
777,1,0,40.75,7.0,0.06458829,376.765,no,no,3,6,1,2,Female,White
778,0,7,33.0,7.5,0.00016,0.0,no,no,0,24,1,8,Female,Black
779,1,0,38.41667,3.8,0.05987158,189.1767,yes,no,0,23,1,6,Male,Other
780,1,0,25.91667,3.7,0.08436351,260.1208,yes,no,0,236,1,6,Male,Other
781,1,0,33.16667,3.4,0.1436397,406.9792,yes,no,1,36,1,7,Male,White
782,0,1,27.91667,2.85,0.0004210526,0.0,no,no,0,60,0,7,Male,White
783,1,0,28.33333,2.6,0.05487154,118.7217,no,no,0,33,1,4,Female,Other
784,1,0,22.08333,1.5659999999999998,0.07067624,91.7325,no,no,0,18,1,1,Male,Other
785,1,0,24.25,1.8,0.1336027999999999,200.2375,yes,no,0,151,1,5,Male,Other
786,1,0,39.41667,3.1,0.1696903,438.3667,yes,no,2,18,1,3,Female,White
787,0,0,25.41667,1.5,0.0008,0.0,no,yes,4,48,0,1,Female,White
788,1,1,19.0,2.19,0.3406356,621.66,no,no,0,59,1,2,Male,Other
789,1,0,31.25,5.5,0.0708628999999999,324.705,yes,no,3,6,1,7,Male,Other
790,1,0,31.91667,4.4,0.04042523,148.0592,yes,no,2,72,1,8,Male,White
791,1,0,33.25,3.0,0.3761903,940.3925,yes,no,2,97,1,4,Female,Black
792,1,1,26.33333,2.95,0.1325831,325.85,no,no,0,24,1,5,Male,Other
793,1,0,26.66667,1.6,0.02353625,30.54833,yes,no,0,24,1,5,Female,Black
794,1,0,22.41667,2.0,0.115791,192.8183,no,no,0,8,1,8,Male,White
795,1,0,25.08333,2.8542,0.1362319,324.0275,no,yes,1,42,1,3,Female,Other
796,1,0,26.66667,2.2,0.05026682,91.98917,no,no,0,42,1,8,Male,Black
797,1,0,29.41667,3.65,0.08789534,267.3483,no,no,0,24,1,17,Female,White
798,0,9,35.08333,1.7,0.0007058823,0.0,no,no,0,90,1,10,Female,Other
799,1,0,57.33333,1.65,0.009515151,12.25,no,no,0,24,1,3,Male,White
800,1,0,52.16667,2.66,0.04462218,98.57916,yes,no,3,228,1,0,Female,White
801,1,0,41.83333,2.75,0.019072,43.20667,yes,no,1,136,0,9,Female,White
802,1,0,39.41667,1.56,0.04665384,60.06667,no,no,0,25,1,3,Male,Black
803,0,1,56.75,8.0,0.00015,0.0,yes,no,0,408,1,7,Female,Black
804,1,0,28.25,2.0272,0.1110255,187.1425,yes,no,1,91,1,1,Male,White
805,1,0,38.08333,4.0,0.0092175,29.975,yes,no,0,16,1,8,Male,White
806,1,0,55.08333,6.7,0.07986075,445.8058,yes,no,0,35,1,0,Female,Other
807,1,0,29.33333,2.5,0.1795447999999999,374.0517,yes,no,0,70,1,9,Male,White
808,1,0,19.83333,3.0,0.0004,0.0,no,no,0,49,1,3,Male,Other
809,1,0,25.25,3.2,0.04542718,121.0558,no,no,0,4,1,6,Male,Other
810,1,0,27.25,3.18,0.09087579,240.8208,no,no,2,12,0,0,Male,Other
811,1,0,27.5,3.2,0.03100344,82.3425,yes,no,0,23,1,9,Male,White
812,1,1,26.0,1.7305,0.09120428,131.5242,no,no,0,8,1,10,Female,Black
813,1,0,25.91667,2.4,0.1078696,215.7392,no,no,0,150,1,18,Female,Other
814,0,1,32.25,2.25,0.0005333333,0.0,no,no,1,42,0,13,Female,White
815,1,0,43.33333,3.9495,0.1571475,517.2117,yes,no,6,3,0,0,Female,White
816,1,0,34.91667,3.0,0.01464867,36.205,no,no,1,30,0,2,Male,Other
817,1,0,27.75,2.65,0.07259849,159.655,no,no,0,8,1,0,Male,Other
818,0,5,28.0,2.236,0.0005366727,0.0,no,no,0,72,1,11,Female,White
819,1,0,39.41667,4.7,0.06314021,247.2992,yes,no,4,12,1,10,Female,White
820,1,0,40.83333,3.48,0.00768908,21.715,no,no,0,28,1,22,Male,Black
821,1,0,23.33333,2.55,0.007960784,16.25,no,no,1,6,1,0,Male,Black
822,1,1,43.58333,2.77,0.04364765,100.3367,yes,no,0,44,1,14,Male,Black
823,1,0,47.83333,3.1131,0.02505766,64.75584,no,no,0,7,1,16,Female,White
824,1,0,18.75,1.968,0.06387195,103.9167,no,no,0,64,0,1,Male,White
825,1,1,21.16667,1.8,0.1925344,288.8017,no,no,0,192,1,8,Male,White
826,0,1,54.83333,9.4,0.0001276595999999,0.0,yes,no,1,94,0,2,Female,Black
827,1,0,35.5,5.5,0.01289636,58.60833,no,no,0,36,1,2,Male,Other
828,0,0,24.16667,1.5,0.0008,0.0,no,no,0,18,1,0,Female,Black
829,1,0,24.83333,2.7,0.1720774,387.1742,no,no,1,18,1,4,Male,White
830,1,0,23.83333,2.35,0.06976553,136.0408,no,no,0,25,1,9,Male,Other
831,1,0,39.91667,4.6,0.02751957,105.325,no,no,2,4,1,1,Male,White
832,1,0,31.75,10.9999,0.01070092,97.42416,no,no,0,12,1,0,Male,Other
833,1,0,62.5,2.6545,0.1037453,229.4933,no,no,0,100,1,1,Female,Other
834,1,1,36.33333,7.35,0.07122857,436.275,no,no,0,51,0,14,Male,Other
835,1,0,23.0,3.2,0.01710906,45.12417,no,no,0,14,1,0,Female,White
836,1,0,28.33333,6.2,0.06892936,355.9683,yes,no,0,18,1,9,Male,Black
837,1,1,38.0,3.27,0.2386927,650.4375,no,no,2,7,1,3,Female,Other
838,1,2,49.16667,3.7,0.143523,442.4458,no,no,4,216,1,11,Male,Other
839,1,0,50.91667,1.75,0.2131486,310.8417,no,no,0,36,1,1,Male,White
840,0,0,23.58333,2.425,0.0004948454,0.0,no,yes,2,132,1,1,Male,Black
841,0,1,29.0,2.7,0.0004444444,0.0,no,no,1,347,0,1,Female,Other
842,1,0,45.25,3.7,0.1384322,426.8325,no,no,0,24,1,2,Female,Other
843,1,0,31.66667,3.2,0.01378125,36.25,no,no,1,12,1,1,Male,Other
844,1,0,31.83333,3.1,0.1304741999999999,337.0583,no,no,1,52,1,3,Male,Other
845,0,0,37.58333,9.0,0.0001333332999999,0.0,no,no,0,132,1,0,Female,Black
846,1,3,27.58333,5.5,0.2204731,1010.502,no,yes,0,72,1,11,Male,Black
847,0,0,36.08333,4.1,0.0002926829,0.0,yes,no,2,30,1,0,Female,White
848,1,0,38.33333,3.0,0.2273639999999999,568.2433,yes,no,0,46,1,2,Male,Other
849,1,0,25.5,2.8,0.1980021,461.9217,no,no,0,66,1,3,Male,White
850,1,0,41.5,5.1,0.03296432,140.015,no,no,1,63,1,4,Male,Other
851,1,0,34.58333,7.0,0.03546543,206.3817,no,yes,6,63,1,3,Male,Black
852,1,0,24.5,2.3040000000000003,0.3747426,719.5059,no,no,0,76,1,2,Female,White
853,1,0,32.16667,2.3,0.2000322,383.3117,no,no,1,63,1,6,Male,Other
854,0,1,24.58333,1.9,0.000631579,0.0,no,no,1,14,0,4,Male,Other
855,1,0,23.83333,2.3,0.1386009,265.6517,no,no,0,6,1,3,Male,Black
856,0,1,22.66667,1.5,0.0008,0.0,no,no,3,14,1,4,Female,White
857,1,0,26.08333,2.375,0.142851,282.7258,no,yes,1,114,1,1,Male,White
858,1,0,30.16667,2.8,0.1643857,383.5667,no,no,0,12,1,6,Male,White
859,1,0,27.08333,2.5224,0.2354364999999999,494.8875,no,no,1,100,1,3,Male,White
860,1,0,27.16667,2.2,0.007309545,12.65083,no,no,0,60,0,2,Male,White
861,1,0,32.41667,3.2,0.1192053,317.4642,no,no,0,30,1,1,Male,Black
862,1,0,32.5,3.7,0.003456757,9.741667,no,no,0,86,1,8,Male,Other
863,1,0,46.0,1.8,0.0335,49.41667,no,no,1,168,1,2,Female,Other
864,0,2,47.0,2.35,0.0005106383,0.0,no,no,0,159,1,4,Female,Black
865,1,0,22.75,1.82,0.5418599000000001,821.8208,no,no,0,93,1,2,Male,White
866,1,0,42.08333,5.5,0.07068036,323.9517,no,no,0,98,1,4,Male,White
867,0,12,30.41667,2.6,0.0004615385,0.0,no,no,0,228,1,14,Male,White
868,1,0,21.41667,2.15,0.2658507,476.3158,no,no,0,30,1,0,Male,White
869,1,0,36.66667,3.8,0.03591921,112.9942,yes,no,3,77,1,4,Female,White
870,1,0,37.16667,2.0,0.0269279999999999,44.46333,no,no,1,38,0,3,Male,Other
871,1,2,26.58333,2.45,0.1217171,248.5058,no,no,0,5,1,15,Male,Black
872,1,1,46.41667,3.5,0.1096431,319.7925,yes,no,1,121,0,5,Male,Other
873,1,0,25.58333,2.8,0.3252597,758.9391,no,no,0,2,1,7,Male,White
874,1,1,30.33333,1.99,0.2490915,412.9933,no,no,0,82,1,8,Male,Other
875,0,0,27.5,2.0,0.0006,0.0,no,no,0,48,1,0,Male,White
876,1,0,21.0,2.1,0.07551762,131.9892,yes,no,0,194,1,5,Male,Other
877,1,0,20.0,2.79,0.02268351,52.48917,no,no,0,86,1,5,Male,Black
878,1,0,23.25,2.32,0.1166047,225.2692,no,no,0,3,1,8,Male,Other
879,1,0,45.08333,4.6,0.07776695,298.0233,no,no,2,72,1,5,Female,White
880,0,1,26.5,2.0,0.0006,0.0,yes,no,2,60,1,7,Female,Other
881,1,0,29.75,3.0,0.06942033,173.4675,no,no,1,60,1,1,Female,Other
882,1,0,52.33333,3.3280000000000003,0.02882272,79.685,yes,no,1,243,1,3,Male,White
883,1,0,41.66667,2.4752,0.06724951,138.5467,no,no,2,222,0,10,Male,Other
884,1,0,22.75,4.3,0.1578128,565.3292,no,no,0,12,1,11,Male,Black
885,0,0,33.0,1.77,0.0006779661,0.0,no,no,0,102,1,1,Female,Black
886,1,1,29.83333,2.45,0.1085196,220.8942,no,no,2,84,1,13,Male,White
887,1,0,20.25,1.85,0.3426108,527.9417,yes,no,0,96,1,2,Female,White
888,1,0,26.08333,2.23,0.05652018,104.7833,no,no,0,12,1,1,Female,White
889,0,0,22.5,2.5,0.0004799999999999,0.0,no,no,3,30,0,0,Female,Black
890,1,3,32.83333,3.5091,0.1596184,466.3475,no,no,0,22,1,9,Female,Other
891,1,0,27.33333,3.2875,0.03242008,88.8175,no,no,1,54,1,12,Male,Black
892,1,0,28.5,4.232,0.1239747,437.1342,no,yes,0,30,1,5,Male,Other
893,0,1,36.91667,1.85,0.0006486487,0.0,no,no,2,192,1,2,Male,Black
894,1,0,26.0,2.2,0.06259273,114.2533,no,no,1,28,1,10,Female,Other
895,0,0,41.83333,3.5,0.0003428572,0.0,no,no,0,54,1,0,Male,Black
896,1,0,23.75,3.0,0.1172833,293.0417,no,no,0,14,1,0,Female,Black
897,1,0,25.25,1.8,0.4559922999999999,683.9883,yes,no,0,98,1,2,Male,White
898,1,0,25.66667,1.7,0.08007,113.0992,no,no,1,27,1,8,Female,White
899,1,0,29.0,5.5,0.062952,288.3633,no,no,2,18,1,3,Female,White
900,1,0,40.58333,2.5685,0.05233015,111.675,no,no,0,54,1,3,Male,White
901,0,2,59.0,3.5,0.0003428572,0.0,no,no,0,365,0,5,Female,Black
902,1,0,37.41667,2.5,0.0726416,151.3367,no,no,0,15,1,2,Male,Black
903,1,0,30.83333,3.3026,0.001998425,4.5833330000000005,no,no,1,90,1,4,Female,White
904,1,0,29.83333,2.25,0.106824,199.795,no,no,0,36,1,0,Male,Other
905,1,1,32.5,10.0,0.03704,308.25,yes,no,3,35,1,4,Male,White
906,1,0,25.5,2.9,0.08015586,193.2933,no,no,0,2,1,0,Male,Other
907,0,2,36.33333,2.95,0.0004067797,0.0,no,no,1,72,1,3,Female,Black
908,0,0,25.33333,1.6,0.00075,0.0,no,no,0,93,1,0,Male,White
909,1,0,28.5,3.4,0.02121324,59.85417,no,no,0,207,1,4,Male,White
910,0,4,22.0,2.1,0.0005714286,0.0,yes,no,0,209,1,10,Female,Black
911,1,0,27.58333,3.2,0.1177561999999999,313.4333,no,no,0,24,1,2,Male,White
912,0,0,29.33333,3.5,0.0003428572,0.0,no,no,6,0,1,2,Female,Black
913,1,0,31.5,2.47,0.09478866,195.0233,no,no,3,94,1,2,Male,Other
914,1,0,27.66667,2.6,0.07505192,162.4458,no,no,2,60,1,6,Male,White
915,0,2,39.16667,4.0248,0.0002981515,0.0,no,no,1,84,1,4,Female,Black
916,1,0,22.66667,2.1,0.1797089999999999,314.4908,no,no,0,12,0,4,Male,Black
917,1,0,30.08333,1.95,0.1804297999999999,292.9483,no,no,0,50,1,10,Female,White
918,0,0,34.16667,3.5995,0.0003333796,0.0,no,no,4,14,1,0,Female,Other
919,0,2,42.83333,3.7,0.0003243243,0.0,no,no,4,84,0,3,Male,Other
920,1,0,31.58333,3.0,0.2136177,533.6275,no,no,0,7,1,1,Male,White
921,1,0,32.33333,4.5,0.09166333,343.6542,no,no,0,48,1,4,Male,Black
922,0,11,24.75,2.3,0.0005217391,0.0,no,no,0,24,1,12,Female,Black
923,1,0,45.16667,3.5,0.13624,397.0333,yes,no,0,234,0,2,Male,White
924,1,0,25.41667,2.1,0.04128572,71.66666,yes,no,0,44,1,5,Female,White
925,1,0,40.75,5.0,0.1209914,503.5475,no,no,0,38,1,19,Male,Black
926,1,0,40.16667,2.45,0.07000694,142.5142,no,no,0,180,1,0,Male,White
927,1,0,41.41667,3.5,0.003142857,8.333333,no,no,1,120,1,9,Male,Other
928,1,0,24.5,2.5,0.2339912,487.4817,no,no,0,15,0,1,Female,White
929,0,11,30.33333,3.6,0.0003333333,0.0,no,no,0,108,1,16,Female,Black
930,1,0,25.16667,2.656,0.1594194,352.8483,yes,no,0,96,1,0,Male,White
931,0,0,28.33333,2.5,0.0004799999999999,0.0,no,no,0,82,1,0,Male,Black
932,0,0,28.41667,2.0,0.0006,0.0,no,no,0,108,1,0,Female,Black
933,1,0,25.08333,3.52,0.02107955,61.16667,no,no,0,15,1,3,Male,Other
934,1,1,23.25,1.8769,0.3536299,553.1067,no,no,0,12,1,3,Male,White
935,1,0,21.25,2.25,0.03186978,59.08916,no,no,0,15,1,1,Male,White
936,1,0,39.83333,1.7123,0.0930713,132.4717,no,no,0,72,1,0,Female,Other
937,1,0,25.75,4.0,0.026998,89.82667,no,no,0,60,0,5,Female,Other
938,1,0,25.25,2.16,0.02055556,36.33333,no,no,0,38,0,2,Female,White
939,1,2,40.41667,3.3,0.03977939,108.9767,no,no,1,58,1,14,Male,White
940,1,0,37.66667,7.0,0.01116743,64.56,yes,no,3,96,1,5,Male,White
941,1,0,25.25,2.1,0.1102229,192.64,no,no,0,4,1,8,Male,Other
942,1,0,41.66667,3.0,0.05293967,131.7658,yes,no,0,166,1,7,Male,White
943,1,1,24.25,3.5,0.06996286,203.8917,no,no,0,60,1,11,Female,White
944,0,0,22.91667,2.07,0.0005797101,0.0,no,no,0,1,1,0,Female,White
945,1,0,19.0,2.8,0.1672142999999999,390.1667,yes,no,0,10,0,0,Male,Other
946,1,0,57.08333,5.0,0.0002399999999999,0.0,yes,yes,0,144,1,7,Male,White
947,1,0,33.91667,2.1888,0.1483196,270.3683,no,no,0,15,1,7,Female,White
948,0,14,48.25,2.0,0.0006,0.0,yes,no,1,120,1,15,Male,White
949,1,1,48.75,2.7,0.0004444444,0.0,no,yes,0,120,1,3,Male,White
950,1,0,28.91667,2.69,0.1571033,352.1733,no,no,1,62,0,0,Male,White
951,1,1,40.83333,3.73,0.05783512,179.7708,yes,no,1,151,1,7,Male,White
952,1,0,32.83333,2.0,0.0938035,156.0892,yes,no,2,8,0,2,Male,Black
953,1,0,44.33333,4.3,0.01639512,57.91583000000001,yes,no,3,156,1,9,Male,White
954,1,0,38.16667,5.5,0.04493018,205.5133,yes,no,4,99,1,9,Female,White
955,1,0,37.33333,5.92,0.03028024,149.2992,yes,no,2,48,1,7,Male,White
956,1,1,44.25,7.6,0.04906355,310.7358,yes,no,6,207,1,11,Male,Black
957,1,0,18.16667,2.82,0.0418539,97.94,no,no,0,2,0,1,Male,White
958,1,0,24.58333,2.2,0.06938273,127.1183,yes,no,0,229,0,1,Male,Black
959,1,0,47.5,2.6611,0.09956446,220.7925,yes,no,0,269,1,8,Male,White
960,0,3,31.66667,7.5,0.00016,0.0,no,no,0,30,1,7,Female,Black
961,1,0,33.08333,4.0,0.2564355,854.785,yes,no,2,42,1,4,Male,Other
962,1,0,31.58333,6.5,0.1113085,602.9208,yes,no,2,12,1,6,Female,Black
963,1,0,38.41667,5.6,0.0934841,436.2592,yes,no,4,114,0,7,Male,White
964,0,0,19.58333,2.1,0.0005714286,0.0,no,no,0,124,1,2,Female,Black
965,1,0,35.33333,4.5,0.01804822,67.0975,yes,no,1,14,1,0,Male,Black
966,1,0,29.25,2.51,0.04510837,94.26833,no,no,1,12,0,0,Male,Other
967,1,2,46.0,10.032,0.01013447,84.39083000000001,yes,no,2,134,1,15,Female,Other
968,1,0,19.91667,3.5,0.06020943,175.4442,no,no,1,24,1,3,Male,White
969,1,0,22.83333,3.5,0.04541571,132.1292,no,yes,0,8,1,3,Male,White
970,1,0,24.33333,3.9,0.09410384,305.8375,no,no,2,27,1,0,Male,White
971,1,0,18.5,2.5,0.2115316,440.6908,no,no,0,4,0,1,Male,White
972,1,0,49.16667,5.2,0.146526,634.8625,yes,no,1,303,1,11,Male,White
973,0,0,47.75,1.5,0.0008,0.0,yes,no,0,60,1,0,Female,Other
974,1,0,49.16667,9.9999,0.01116311,92.44167,yes,no,4,218,0,12,Male,White
975,1,0,57.58333,4.1,0.08389854,286.57,yes,no,3,121,1,15,Male,Other
976,1,0,24.58333,2.2,0.06601682,121.0308,no,no,0,22,1,6,Male,Other
977,1,0,26.41667,4.38,0.03736278,136.1242,yes,no,5,24,1,6,Male,White
978,0,5,38.25,2.4852,0.0004828584999999,0.0,no,no,2,24,1,10,Female,Other
979,1,1,29.58333,6.6,0.09274364,510.09,yes,no,0,24,1,14,Female,Other
980,1,1,30.66667,2.74,0.01856679,42.31083,yes,no,3,76,1,8,Female,Other
981,1,1,58.91667,2.7,0.003222222,6.416667,yes,no,0,252,1,8,Male,Other
982,1,0,38.5,3.2618,0.00294316,7.0833330000000005,no,no,4,18,1,0,Female,White
983,1,0,45.66667,5.8,0.03306483,159.73,yes,no,0,118,1,6,Female,Black
984,1,0,25.83333,2.5,0.0598015999999999,124.5033,no,no,0,6,0,0,Female,White
985,1,0,30.0,3.5,0.3527866,1028.961,yes,no,0,6,0,2,Male,White
986,0,0,80.16666,1.5,0.0008,0.0,no,no,0,24,1,0,Female,White
987,0,0,25.58333,1.75,0.0006857142999999,0.0,no,no,0,108,0,0,Female,Other
988,0,5,40.08333,4.4,0.0002727273,0.0,yes,no,1,84,1,15,Male,Black
989,1,0,42.08333,4.7,0.01847894,71.95917,yes,yes,3,150,1,2,Male,Other
990,1,0,49.0,3.3,0.04070939,111.6175,yes,no,0,252,1,0,Male,White
991,1,0,44.0,5.8,0.07990742,386.0525,yes,no,4,25,1,16,Male,White
992,0,1,43.16667,5.32,0.0002255639,0.0,yes,no,5,110,1,7,Female,White
993,1,0,25.0,2.4,0.0315875,62.50833000000001,no,no,0,192,1,9,Male,Other
994,1,0,43.83333,3.25,0.05890216,159.36,yes,no,2,109,1,6,Female,Black
995,1,0,24.5,3.06,0.1705402,434.8775,no,no,0,3,1,0,Male,Other
996,1,0,39.5,3.0,0.016231,40.3275,yes,no,3,14,1,9,Male,Black
997,1,0,25.66667,2.2,0.02147727,38.70833,yes,no,1,26,1,7,Male,Other
998,1,0,43.66667,3.0,0.02302267,57.30667,yes,no,1,3,1,5,Female,Black
999,1,0,46.33333,4.2,0.008841666,30.44583,yes,no,1,216,1,27,Female,Other
1000,1,0,34.16667,2.37,0.05412025,106.7208,yes,no,0,38,1,13,Male,White
1001,1,1,38.83333,2.52,0.08646706,181.4142,yes,no,0,138,1,8,Male,White
1002,1,1,37.08333,5.49,0.160214,732.9792,yes,no,1,60,1,19,Female,Other
1003,1,0,19.5,2.98,0.0004026846,0.0,no,no,0,18,1,0,Female,White
1004,0,0,27.41667,3.6,0.0003333333,0.0,no,no,0,18,1,2,Male,Black
1005,1,0,39.91667,2.25,0.05117067,95.52834,yes,no,0,240,1,7,Male,White
1006,1,0,45.66667,3.224,0.333848,896.9384,yes,no,5,168,0,9,Female,Other
1007,1,0,52.16667,5.0,0.0204977999999999,85.24083,yes,no,1,201,0,16,Male,Black
1008,0,3,34.75,2.67,0.0004494382,0.0,no,no,0,51,1,25,Female,Black
1009,1,0,30.08333,3.75,0.09561973,298.4783,yes,no,1,12,1,9,Female,Black
1010,1,0,61.58333,3.75,0.00032,0.0,yes,no,0,288,1,5,Male,White
1011,1,0,32.66667,3.7,0.004068919,11.7125,yes,no,2,30,1,15,Male,White
1012,1,0,38.83333,3.3,0.02411576,65.81834,yes,no,3,188,1,19,Male,Other
1013,1,0,37.08333,7.0,0.1540158999999999,898.4258,yes,no,3,24,1,8,Female,White
1014,1,2,33.5,3.3748,0.1758282,494.4875,no,no,1,66,1,15,Male,Other
1015,0,0,30.08333,3.12,0.0003846154,0.0,no,no,2,12,0,5,Male,Black
1016,1,0,42.66667,2.59,0.03148378,67.53584000000001,yes,yes,3,96,1,5,Female,White
1017,1,2,29.41667,2.1,0.07229714,126.1033,yes,no,3,90,0,5,Female,Other
1018,1,0,52.66667,3.0,0.039573,98.6825,yes,no,1,220,1,8,Male,Other
1019,1,0,29.83333,3.0,0.1059863,264.9658,yes,no,1,51,0,11,Male,Other
1020,1,0,45.75,4.4,0.004863637,17.08333,yes,no,3,12,1,18,Male,Other
1021,1,0,30.16667,3.1,0.1816442,469.2475,yes,no,2,40,1,15,Male,Black
1022,1,0,30.83333,2.98,0.04374329,108.2958,no,no,3,36,1,9,Female,Black
1023,1,0,22.25,2.8,0.2532993,590.9484,yes,no,1,6,1,7,Female,White
1024,0,0,37.16667,1.8339,0.0006543432,0.0,no,no,2,52,1,0,Female,White
1025,1,0,22.0,3.2905,0.01756572,48.08333,no,no,2,21,1,5,Female,White
1026,1,0,29.0,2.7,0.0004444444,0.0,no,no,0,24,1,20,Female,White
1027,1,0,28.33333,3.9,0.04364769,141.6883,yes,no,1,49,1,17,Male,Black
1028,0,5,27.16667,1.8,0.0006666667,0.0,no,no,2,34,1,7,Female,Black
1029,1,0,31.33333,3.2,0.04113469,109.6092,no,no,2,17,1,0,Male,White
1030,1,0,32.66667,3.65,0.5383649,1637.527,yes,no,1,32,1,7,Male,Other
1031,1,0,30.58333,3.5,0.03930543,114.5575,no,no,5,57,1,9,Female,Black
1032,1,0,40.66667,4.77,0.003146122,11.6725,yes,no,0,144,1,10,Male,Black
1033,1,0,39.08333,4.2,0.006554524,22.3575,yes,no,0,24,1,5,Male,Other
1034,0,10,43.25,5.0,0.0002399999999999,0.0,yes,yes,4,144,1,11,Male,Other
1035,1,0,24.75,2.0,0.0549975,91.4125,yes,yes,1,24,0,10,Male,Other
1036,1,0,26.5,2.6,0.1106476999999999,239.4867,yes,no,0,12,1,13,Male,White
1037,1,0,61.16667,5.0,0.0457034,190.4308,yes,no,2,6,0,0,Male,Other
1038,1,0,44.08333,4.0,0.02011975,66.7325,yes,yes,2,120,1,12,Female,White
1039,1,0,61.08333,5.3726,0.04957879,221.8892,yes,yes,0,12,1,0,Female,Black
1040,1,0,40.66667,2.7246,0.1966153,446.415,no,no,2,36,1,14,Male,White
1041,1,0,20.83333,1.8,0.5535178000000001,830.2767,no,no,0,5,0,0,Male,Other
1042,1,0,45.91667,4.0,0.03421425,113.6308,yes,no,2,24,0,16,Female,White
1043,1,0,26.83333,2.1,0.0005714286,0.0,no,no,2,30,1,18,Female,White
1044,0,0,33.58333,2.55,0.0004705882,0.0,no,no,3,36,1,0,Female,Black
1045,1,0,30.66667,2.5,0.0611788,127.3725,yes,no,1,24,1,23,Male,White
1046,1,0,23.91667,2.0,0.100191,166.9017,no,no,0,9,1,0,Female,White
1047,1,0,34.83333,3.0,0.126377,315.9425,no,no,6,12,0,16,Female,Black
1048,1,0,38.58333,2.6,0.07939731,171.8608,yes,no,0,51,1,9,Male,White
1049,1,1,35.83333,2.4,0.02359458,46.60583,no,yes,1,37,1,13,Male,Black
1050,1,0,36.0,4.0,0.0920405,306.4683,yes,no,0,12,1,11,Male,Other
1051,1,0,42.66667,6.2,0.006145161,31.0,yes,no,2,132,1,14,Male,Other
1052,1,0,22.58333,2.2,0.07661773,140.2992,no,no,0,9,1,3,Male,Other
1053,0,1,28.5,2.0,0.0006,0.0,no,no,3,0,1,2,Female,White
1054,1,1,44.91667,5.8,0.03635741,175.6442,yes,no,2,148,1,16,Male,Black
1055,1,0,30.58333,1.8,0.01989944,29.51583,no,no,0,6,1,10,Male,Other
1056,1,0,27.25,3.264,0.02482904,67.20167,no,no,0,16,1,5,Male,White
1057,1,0,24.0,2.1,0.0836781,146.27,yes,no,0,24,1,14,Male,Other
1058,1,0,23.41667,2.7456,0.002403846,4.5833330000000005,no,no,0,7,1,9,Female,White
1059,1,1,55.33333,3.7,0.05220054,160.4517,yes,no,1,300,1,4,Female,Other
1060,1,0,35.16667,4.815,0.04295223,171.5125,yes,no,2,48,1,18,Male,White
1061,1,0,46.33333,3.05,0.003491803,8.125,yes,no,0,96,0,4,Female,Other
1062,1,0,39.41667,2.4,0.1922946,384.1725,no,no,1,96,1,7,Male,White
1063,1,0,34.91667,5.0,0.4258454,1774.356,yes,no,3,36,1,7,Female,Other
1064,1,0,19.08333,2.6,0.1316562,285.255,no,no,0,87,1,2,Male,White
1065,1,0,27.58333,4.0,0.01495,49.25,yes,yes,3,40,1,13,Female,White
1066,1,0,46.25,6.8,0.007138088,40.19917,yes,yes,0,48,1,2,Male,Black
1067,1,0,47.16667,1.94,0.01680412,26.5,no,no,0,10,0,13,Male,White
1068,1,0,25.41667,2.45,0.09007061,183.5608,no,no,0,48,1,6,Female,Other
1069,1,0,51.33333,4.53,0.0121468,45.35417,yes,no,4,126,0,5,Male,White
1070,1,0,41.0,6.825,0.1168531999999999,664.6025,no,no,2,12,1,0,Male,Other
1071,1,1,36.33333,3.85,0.01171896,37.015,no,no,1,36,1,8,Male,White
1072,1,0,32.41667,2.75,0.3767844,862.9642,yes,no,2,27,1,9,Male,White
1073,0,3,41.75,3.5,0.0003428572,0.0,yes,no,2,38,1,19,Female,White
1074,0,3,32.75,3.0,0.0004,0.0,yes,no,3,32,1,7,Female,White
1075,1,0,21.91667,2.3,0.07491956,143.4292,yes,no,2,24,1,10,Male,Other
1076,1,0,29.25,1.8,0.08336612,124.6325,no,no,0,51,1,3,Male,White
1077,1,0,21.08333,2.2,0.3152637,577.9833,no,no,0,143,1,6,Female,Other
1078,1,0,34.66667,4.8,0.06658583,266.3433,yes,no,3,15,1,0,Male,Other
1079,1,0,27.91667,2.04,0.01792304,30.0525,yes,no,2,38,1,4,Female,White
1080,1,1,36.5,1.68,0.138147,193.3225,yes,no,0,44,1,12,Male,Other
1081,1,0,24.0,2.7811,0.05255475,121.6333,no,no,0,3,1,0,Male,Other
1082,1,0,63.75,6.0,0.001833333,8.333333,no,no,0,50,1,14,Male,White
1083,1,0,25.83333,3.5,0.054492,158.6017,no,no,0,34,0,2,Female,White
1084,0,4,42.41667,1.8,0.0006666667,0.0,no,no,2,48,1,10,Female,Black
1085,1,0,35.0,3.9,0.05496077,178.4558,yes,no,2,36,1,7,Female,Other
1086,1,0,20.66667,2.0,0.100224,167.04,no,no,0,14,1,1,Male,Black
1087,1,2,41.83333,7.1195,0.09599761,569.5458,yes,no,3,96,1,6,Male,White
1088,0,2,24.91667,1.85,0.0006486487,0.0,no,no,0,14,0,3,Female,Black
1089,1,0,32.08333,1.6,0.263585,351.3633,no,no,0,6,1,3,Male,White
1090,1,0,34.08333,4.85,0.04899547,198.0233,yes,no,2,114,1,12,Male,White
1091,1,0,37.16667,2.825,0.06534584,153.7517,yes,no,0,240,1,2,Male,Other
1092,0,1,27.08333,2.7,0.0004444444,0.0,no,no,1,169,0,6,Female,Black
1093,0,0,56.0,1.45,0.0008275861999999,0.0,yes,no,0,242,1,4,Female,Black
1094,1,0,26.75,1.8,0.0066111109999999,9.166667,yes,no,0,53,1,9,Male,White
1095,0,0,33.25,3.7,0.0003243243,0.0,yes,no,2,72,1,0,Male,White
1096,1,0,19.16667,1.9,0.2829620999999999,448.0233,no,no,0,192,0,1,Female,White
1097,1,0,35.91667,2.62,0.2154031,470.2967,yes,no,1,6,0,9,Male,Black
1098,1,0,25.16667,3.75,0.128076,400.0708,yes,no,0,7,1,11,Male,White
1099,1,0,45.75,4.5,0.03987022,149.0967,yes,no,2,132,1,9,Male,Other
1100,0,4,38.5,3.7,0.0003243243,0.0,no,no,2,24,1,11,Female,Black
1101,1,1,42.0,3.836,0.103933,332.2392,yes,no,3,14,1,14,Male,Black
1102,0,0,25.83333,1.59,0.000754717,0.0,no,no,0,87,1,9,Female,Black
1103,0,2,25.91667,2.07,0.0005797101,0.0,no,no,0,20,0,7,Female,Other
1104,1,0,31.08333,5.1,0.1696612,721.06,yes,no,3,15,1,9,Male,White
1105,0,3,40.5,4.0128,0.0002990431,0.0,no,no,1,12,1,17,Female,White
1106,1,0,67.16666,4.4692,0.002148035,7.0833330000000005,no,no,1,36,1,1,Male,Other
1107,1,0,33.08333,3.5,0.05705314,166.2383,no,no,0,26,1,1,Female,White
1108,1,0,45.75,5.0,0.001525,5.5208330000000005,yes,no,0,144,1,14,Male,Black
1109,1,1,28.16667,2.5,0.0032,5.8333330000000005,no,no,1,24,1,6,Female,Black
1110,1,0,30.41667,1.5,0.06344134,78.885,no,no,1,24,0,5,Male,White
1111,1,1,47.0,3.8425,0.006584255,20.25,yes,no,2,233,1,16,Male,White
1112,1,1,42.75,3.6,0.03806583,113.9475,yes,no,2,60,1,22,Male,Other
1113,1,0,44.5,2.95,0.2008407,493.7333,no,no,0,180,1,13,Male,White
1114,1,0,37.66667,2.385,0.1676499,332.7042,yes,yes,0,168,1,13,Male,Other
1115,1,0,28.0,2.16,0.02366667,42.51667,no,no,0,50,0,3,Female,White
1116,1,0,31.75,2.007,0.09045292,151.0325,no,no,1,4,1,0,Male,Other
1117,1,0,22.91667,1.56,0.09851731,128.0725,yes,no,0,6,0,7,Male,Black
1118,0,4,57.75,2.0,0.0006,0.0,yes,yes,0,36,0,44,Female,White
1119,1,0,23.0,2.9,0.0004137930999999,0.0,no,no,1,12,1,0,Female,White
1120,1,0,24.16667,3.7,0.07111514,219.2717,yes,no,1,8,1,5,Male,White
1121,1,0,37.16667,3.84,0.0118375,37.71333,no,no,3,10,1,0,Male,Black
1122,0,1,63.41667,2.1375,0.0005614035,0.0,yes,no,0,240,1,7,Male,Black
1123,0,0,23.0,2.4,0.0005,0.0,no,no,0,1,1,0,Male,Black
1124,1,0,24.33333,2.4,0.1813192,362.6383,no,no,0,16,1,0,Male,Other
1125,1,0,41.08333,2.0,0.0055,8.333333,yes,no,0,9,0,4,Male,Black
1126,0,0,28.16667,1.548,0.0007751938,0.0,no,no,3,5,0,1,Female,Black
1127,0,1,52.33333,2.0,0.0006,0.0,yes,no,3,54,1,7,Female,Other
1128,1,0,28.0,3.1,0.2248926,580.9725,yes,no,0,15,1,5,Male,Black
1129,1,0,28.75,2.5,0.01238,25.29167,yes,no,0,27,1,16,Male,White
1130,1,0,39.08333,5.1,0.04952431,210.2283,yes,no,3,60,0,22,Male,Black
1131,1,0,32.25,2.0,0.0730519999999999,121.3367,yes,no,1,24,1,2,Female,Black
1132,1,0,33.25,3.6,0.02599111,77.80666,no,no,3,16,1,9,Female,White
1133,1,0,25.0,3.3984,0.0003531073,0.0,yes,no,2,29,0,4,Female,White
1134,1,0,42.41667,4.2,0.02501619,87.30666,yes,no,4,36,1,14,Male,Other
1135,0,3,35.25,1.7,0.0007058823,0.0,yes,no,3,135,0,25,Male,Black
1136,0,0,33.08333,1.939,0.0006188757,0.0,no,no,1,96,1,5,Female,Black
1137,1,0,33.83333,2.9,0.1951082999999999,471.345,yes,no,2,147,1,8,Female,Black
1138,1,0,48.16667,1.7,0.01221235,16.63417,yes,no,0,108,1,18,Male,White
1139,0,0,26.75,4.9,0.000244898,0.0,no,no,2,6,1,0,Male,White
1140,1,0,40.08333,2.2224,0.3980818,737.0808,yes,no,2,10,1,14,Male,White
1141,1,0,32.41667,6.1064,0.1070066,544.5208,yes,no,1,67,1,1,Female,White
1142,0,1,20.91667,2.625,0.0004571429,0.0,no,yes,0,20,1,2,Female,Black
1143,0,2,21.5,1.56,0.0007692308,0.0,yes,no,0,1,1,12,Female,Black
1144,1,0,27.83333,2.652,0.07283182,160.875,yes,no,3,24,1,3,Male,Other
1145,1,0,43.91667,2.8,0.04662429,108.6233,yes,no,0,147,1,1,Male,Black
1146,1,0,24.25,1.6,0.3755244,500.6158,yes,no,0,48,0,1,Male,Other
1147,1,0,29.08333,5.0,0.1619782,674.9092,yes,no,4,3,1,0,Male,Other
1148,1,1,27.75,2.04,0.2145995,364.8192,no,no,0,24,1,10,Male,White
1149,1,0,47.58333,5.04,0.05146786,216.165,no,no,3,47,1,9,Male,Black
1150,0,0,19.83333,1.92,0.000625,0.0,no,no,0,6,0,4,Female,Black
1151,0,0,42.0,3.4,0.0003529412,0.0,yes,no,3,5,1,9,Female,Black
1152,1,0,42.75,3.2,0.1080344,287.7583,yes,no,0,68,1,9,Male,Black
1153,1,0,44.58333,3.1,0.1251213,323.0633,yes,no,0,75,1,5,Male,White
1154,1,0,35.83333,1.8829,0.1364475,214.0975,no,no,1,3,1,12,Female,White
1155,1,0,21.83333,2.4,0.08191958,163.8392,no,no,0,105,0,1,Male,Other
1156,1,0,25.91667,3.0,0.061896,154.74,yes,no,0,40,1,16,Male,Other
1157,0,0,40.91667,1.84,0.0006521739,0.0,no,yes,2,18,1,0,Female,Black
1158,1,0,35.83333,2.5,0.0791488,164.81,yes,no,1,42,0,11,Male,White
1159,1,0,31.0,5.112,0.02974648,126.3867,yes,no,2,16,1,19,Male,White
1160,1,0,51.66667,2.5,0.0193976,39.91167,yes,no,0,138,0,3,Male,White
1161,1,0,34.0,5.4,0.07138018,321.2108,yes,no,3,24,1,4,Male,Other
1162,0,2,30.58333,2.5,0.0004799999999999,0.0,no,no,0,12,1,18,Female,White
1163,1,0,33.33333,2.1,0.1308376,228.9658,no,no,0,6,0,0,Male,White
1164,1,1,32.75,6.0,0.08980783,449.0392,no,no,0,6,0,17,Male,White
1165,1,0,26.08333,1.56,0.06123782,79.60916999999999,no,no,2,13,1,13,Male,White
1166,1,0,31.91667,4.07,0.06885749,233.0417,no,no,0,12,1,14,Male,Other
1167,1,1,20.58333,2.7,0.118307,266.1908,no,no,0,147,1,22,Female,White
1168,1,0,23.41667,2.04,0.1200515,204.0875,yes,no,0,7,1,12,Female,Black
1169,1,0,60.25,2.8,0.04372321,101.8542,yes,no,3,232,1,7,Male,Black
1170,1,0,24.83333,6.2,0.1706156,881.2642,no,no,0,12,1,7,Male,Other
1171,1,0,30.16667,2.19,0.4874438,889.585,no,no,0,6,1,0,Male,Other
1172,1,0,29.33333,3.2,0.05367281,142.8775,no,no,0,36,0,6,Male,White
1173,1,0,48.16667,2.3,0.2265,434.125,yes,no,0,72,0,2,Male,White
1174,1,0,25.25,1.76,0.1375511,201.6583,no,no,0,28,1,12,Male,Black
1175,0,0,69.75,1.8,0.0006666667,0.0,yes,no,0,528,0,5,Female,Other
1176,1,0,53.25,3.96,0.002424242,7.0833330000000005,yes,no,1,180,0,5,Female,White
1177,1,0,54.08333,2.5,0.009122,18.25417,yes,no,1,102,0,13,Male,Other
1178,1,0,32.0,2.28,0.06735965,127.9833,yes,no,0,48,0,15,Female,Other
1179,1,0,33.75,2.5,0.0775176,161.1617,yes,no,1,30,1,6,Female,White
1180,1,0,23.16667,2.6,0.8245508,1786.277,no,no,0,4,1,0,Female,Other
1181,1,0,24.75,2.2,0.1550486,284.2558,yes,no,0,36,1,6,Male,White
1182,1,4,40.41667,2.448,0.2090833,426.4467,yes,no,1,41,1,12,Female,Other
1183,0,2,48.25,6.8,0.0001764706,0.0,yes,yes,1,56,0,20,Female,White
1184,0,0,35.83333,4.5,0.0002666667,0.0,yes,no,6,6,0,0,Female,Other
1185,1,0,49.66667,4.96,0.1054817,435.9908,yes,no,4,168,1,7,Male,White
1186,1,0,34.66667,5.0,0.0140793999999999,58.080830000000006,yes,no,4,6,1,0,Male,White
1187,1,0,34.91667,2.1,0.05904476,103.3283,no,no,2,49,1,4,Female,White
1188,1,0,47.33333,10.4,0.2309477,2001.547,yes,no,2,9,0,0,Male,Black
1189,0,0,19.5,1.56,0.0007692308,0.0,yes,no,0,46,0,3,Female,Other
1190,0,9,30.33333,2.3,0.0005217391,0.0,no,yes,3,15,1,9,Male,White
1191,0,0,40.0,4.9875,0.0002406015,0.0,yes,no,2,32,1,16,Female,White
1192,0,6,35.25,5.6335,0.0002130113999999,0.0,yes,no,3,18,0,10,Male,Black
1193,0,0,23.75,1.672,0.0007177034,0.0,no,no,0,27,1,0,Female,Other
1194,1,0,0.75,1.6,0.1541905999999999,205.2542,no,no,0,1,1,9,Male,Other
1195,1,0,24.83333,1.51,0.205298,258.1667,yes,no,0,30,1,2,Male,White
1196,1,0,38.75,2.8463,0.007026666,15.833329999999998,yes,no,1,120,1,16,Female,Other
1197,1,0,24.91667,2.3,0.08519435,163.0392,no,no,0,26,1,7,Male,Black
1198,1,0,25.33333,3.0,0.1900073,475.0183,no,no,0,10,0,0,Male,Other
1199,1,1,23.25,2.2,0.2345391,429.905,yes,no,0,228,0,9,Female,White
1200,1,0,49.83333,0.21,0.2718571,47.24166,yes,no,2,42,1,1,Male,White
1201,1,0,37.08333,2.8,0.1699286,396.5,no,no,0,36,1,23,Female,Other
1202,0,0,20.16667,1.8,0.0006666667,0.0,no,no,0,4,0,1,Female,Black
1203,0,2,24.58333,2.2,0.0005454546,0.0,no,no,0,6,1,8,Male,Black
1204,1,1,28.5,3.0,0.029469,73.1725,no,no,0,51,1,5,Female,Black
1205,1,0,45.58333,2.4,0.01216667,23.58333,yes,no,2,122,1,11,Female,White
1206,0,0,20.58333,1.2,0.001,0.0,no,yes,1,24,1,0,Female,Black
1207,1,0,54.25,6.8,0.1005738,569.9183,no,no,0,24,1,15,Male,White
1208,1,0,24.58333,1.5,0.01972267,24.07,no,no,0,28,1,5,Male,White
1209,1,0,31.91667,2.7,0.1151311,258.8783,no,no,0,19,1,0,Female,Other
1210,1,1,43.75,3.5,0.1329033999999999,387.2183,yes,no,3,180,0,19,Male,White
1211,0,0,31.91667,2.1,0.0005714286,0.0,no,no,2,60,1,2,Female,Black
1212,1,0,22.83333,2.5,0.4028644,839.3008,no,no,0,4,1,1,Male,White
1213,1,0,28.08333,5.47,0.02919232,133.0683,yes,no,3,18,1,0,Female,Other
1214,0,0,27.58333,2.35,0.0005106383,0.0,no,no,3,6,1,0,Female,Other
1215,1,0,22.08333,1.65,0.04985151,68.54583000000001,no,no,0,36,1,3,Male,Other
1216,1,0,34.16667,9.2,0.08662446,664.1208,yes,no,5,81,1,7,Male,White
1217,1,1,54.66667,7.29,0.1065361,647.2067,yes,no,2,78,1,9,Male,White
1218,1,0,32.91667,2.72,0.1776717,402.7225,no,no,1,6,1,8,Male,White
1219,1,0,40.0,3.624,0.01570033,47.08167,yes,no,3,124,1,19,Male,White
1220,1,0,26.0,5.3,0.05482528,242.145,yes,no,1,24,1,20,Female,Black
1221,1,0,55.25,4.9,0.06697714,273.49,yes,no,2,96,1,17,Male,White
1222,1,0,32.25,3.6208,0.04983705,150.2917,yes,no,3,97,1,13,Female,Other
1223,1,0,38.91667,2.136,0.05966339,106.2008,no,no,1,66,1,14,Male,White
1224,1,0,28.41667,2.5,0.193378,402.7875,yes,no,0,18,1,7,Male,White
1225,0,0,39.58333,0.49,0.00244898,0.0,yes,no,2,100,1,0,Female,Black
1226,1,1,55.58333,4.3,0.03501814,125.4817,yes,no,0,6,1,31,Male,Other
1227,1,0,42.0,6.3,0.04065079,213.0,yes,no,4,72,1,20,Male,White
1228,1,0,21.16667,2.4,0.1008328999999999,201.5825,no,no,0,2,1,5,Male,Other
1229,1,0,33.08333,2.8,0.03015786,70.285,yes,no,1,72,1,20,Female,Black
1230,1,0,37.75,5.0,0.0452946,188.7275,yes,no,4,36,1,25,Male,Other
1231,1,0,28.41667,2.8,0.01421429,32.66667,no,no,0,27,1,19,Female,Other
1232,1,0,31.08333,2.8,0.08684428,202.47,yes,no,3,15,1,17,Male,Other
1233,1,0,30.5,2.65,0.03147661,69.4275,no,no,3,36,1,9,Female,White
1234,0,0,25.25,1.6,0.00075,0.0,no,no,0,12,1,0,Male,Other
1235,0,4,46.91667,2.1,0.0005714286,0.0,no,no,0,25,0,3,Female,White
1236,0,0,36.16667,2.408,0.0004983389,0.0,no,no,4,14,1,0,Female,White
1237,0,1,52.75,3.1,0.0003870968,0.0,yes,no,2,75,1,9,Female,Other
1238,1,0,34.16667,2.616,0.03886773,84.73167,no,no,2,3,1,12,Male,Other
1239,0,0,53.0,11.0,0.0001090909,0.0,yes,yes,0,429,1,0,Female,White
1240,1,0,22.33333,1.8,0.05342556,80.055,no,no,0,48,0,1,Female,Other
1241,1,0,30.0,2.5,0.0210495999999999,43.43667,yes,no,3,50,1,14,Male,White
1242,1,0,25.16667,1.8,0.09530056,142.9508,no,no,0,24,0,4,Male,Black
1243,0,0,21.08333,2.7268,0.0004400762999999,0.0,no,no,1,18,1,0,Female,White
1244,0,0,22.91667,2.05,0.0005853659,0.0,no,no,0,42,0,4,Female,White
1245,1,0,40.66667,5.05,0.02842812,119.3017,yes,no,0,128,1,10,Male,Other
1246,0,2,33.83333,3.8,0.0003157895,0.0,yes,no,0,153,1,11,Female,Black
1247,0,1,35.16667,4.288,0.0002798507,0.0,yes,no,3,24,0,13,Female,Black
1248,1,0,28.83333,3.6,0.04339778,130.0267,yes,yes,0,56,1,10,Male,White
1249,1,0,30.75,4.3,0.1346951,482.6575,yes,no,4,16,1,7,Male,White
1250,0,0,41.33333,4.44,0.0002702702999999,0.0,yes,no,2,98,1,3,Female,Black
1251,1,0,38.5,2.6,0.3961604,858.3475,no,no,0,33,1,16,Male,Black
1252,0,1,33.75,4.1,0.0002926829,0.0,yes,no,2,22,1,15,Female,Black
1253,0,0,29.08333,2.86,0.0004195804,0.0,no,no,0,38,1,0,Male,White
1254,1,0,27.08333,2.4,0.01679833,33.01333,no,no,0,56,1,1,Male,White
1255,1,0,23.25,1.8,0.03098167,46.05584,no,no,1,4,0,0,Male,Other
1256,1,0,33.83333,1.8,0.1132511,169.8767,no,no,0,4,1,8,Male,Other
1257,1,0,38.16667,5.1,0.02130902,90.06333000000001,no,no,0,60,1,7,Male,White
1258,1,0,35.58333,3.5606,0.1090841,323.5875,no,no,0,12,1,0,Male,White
1259,1,0,30.41667,4.15,0.1505325,520.3417,no,no,1,16,1,4,Male,Other
1260,0,0,31.58333,2.0237,0.0005929733,0.0,no,no,0,14,1,3,Female,Black
1261,1,0,23.0,1.8,0.111475,167.2125,no,no,0,6,1,0,Male,White
1262,1,1,25.25,2.9,0.08686655,209.8442,no,no,0,276,1,6,Male,White
1263,0,6,35.58333,4.0,0.0003,0.0,no,no,0,29,0,5,Male,Other
1264,1,0,28.66667,2.95,0.09361254,229.7975,no,no,0,26,1,4,Female,White
1265,0,0,37.0,3.2,0.000375,0.0,no,no,0,14,1,0,Female,Black
1266,1,0,41.08333,4.5,0.1431333,536.25,yes,no,2,6,1,10,Male,White
1267,0,6,37.41667,7.0,0.0001714286,0.0,yes,no,4,120,1,10,Male,Black
1268,0,0,19.41667,2.2,0.0005454546,0.0,no,no,0,6,1,0,Female,Black
1269,1,0,22.33333,2.8,0.08228679,191.8358,no,no,0,4,1,0,Male,Other
1270,1,0,29.08333,2.2,0.0005454546,0.0,no,no,0,9,1,0,Female,Black
1271,1,0,26.75,5.77,0.07547747,362.7542,yes,no,1,13,1,11,Male,White
1272,1,0,43.08333,2.4317,0.08052638,163.18,no,no,2,18,1,28,Female,White
1273,1,0,37.33333,7.0,0.03023229,176.2717,yes,no,2,14,1,17,Male,White
1274,1,0,26.75,2.15,0.03427907,61.33333,no,no,0,10,0,4,Male,White
1275,1,0,42.16667,5.2,0.01342865,57.440830000000005,yes,no,3,29,1,9,Male,Other
1276,1,0,28.16667,4.7,0.2421564,948.3625,yes,no,0,6,1,19,Male,Other
1277,1,0,26.08333,2.5,0.0637624,132.5883,yes,no,0,14,1,13,Male,Other
1278,1,0,48.25,5.0,0.0219424,91.17667,no,no,3,7,1,0,Male,Black
1279,1,0,27.83333,3.5,0.05023229,146.4275,yes,no,2,17,1,11,Female,White
1280,1,0,26.33333,2.45,0.05493143,111.8183,no,no,0,6,1,11,Male,White
1281,0,0,21.08333,9.9999,0.0001200012,0.0,no,no,2,8,0,0,Male,White
1282,1,0,30.58333,3.2,0.1486019,396.2717,yes,no,2,12,0,7,Male,White
1283,1,0,27.83333,3.54,0.006866666,19.59,no,no,2,3,1,0,Male,White
1284,1,0,49.16667,3.1144,0.0084953759999999,21.465,yes,no,1,154,0,6,Female,Other
1285,0,2,35.0,2.25,0.0005333333,0.0,no,no,1,84,1,3,Male,Black
1286,1,1,48.66667,6.0,0.1770172,885.0858,yes,no,3,114,1,19,Male,Other
1287,0,11,24.58333,1.68,0.0007142857,0.0,no,no,2,2,1,8,Female,Black
1288,1,0,29.58333,2.4,0.0152699999999999,29.956670000000003,no,no,1,18,1,8,Male,Other
1289,1,0,41.41667,3.2,0.01023563,26.87833,no,no,1,16,1,2,Male,Other
1290,1,0,40.91667,6.0,0.07896433,394.5717,yes,no,0,42,1,5,Male,Black
1291,1,0,22.0,1.75,0.6214691,906.3092,no,no,0,2,1,0,Male,White
1292,0,0,36.0,4.5,0.0002666667,0.0,yes,no,2,228,1,0,Female,Black
1293,1,0,39.58333,2.5,0.1922148,400.4475,no,no,0,12,1,4,Male,Black
1294,1,0,31.58333,2.55,0.1429055,303.6742,no,no,1,60,1,7,Male,Other
1295,1,0,33.08333,3.26,0.05273589,143.0158,no,no,0,37,1,18,Male,White
1296,1,1,22.83333,3.6,0.04884167,146.4417,no,no,0,30,1,20,Male,Other
1297,0,0,35.41667,2.78,0.0004316547,0.0,no,no,0,6,1,0,Male,Other
1298,1,0,58.08333,4.4,0.02659568,97.18417,yes,yes,1,132,1,12,Male,Black
1299,1,0,38.75,3.2,0.01478031,38.9975,yes,no,2,24,1,19,Female,Other
1300,0,0,27.41667,1.6,0.00075,0.0,yes,no,1,30,0,0,Female,Black
1301,0,0,23.91667,1.636,0.0007334963,0.0,no,no,1,13,1,0,Female,Black
1302,1,0,30.08333,2.7,0.01248148,27.41667,no,no,2,1,1,8,Male,White
1303,1,0,34.08333,3.5,0.06167429,179.7167,yes,no,0,24,0,10,Female,White
1304,1,1,39.08333,3.4224,0.02909975,82.65916,yes,no,0,41,1,12,Male,White
1305,1,0,38.41667,6.5,0.02921738,157.8442,yes,no,3,60,1,9,Female,White
1306,1,0,20.5,2.0,0.038431,63.55167,no,no,0,111,1,6,Female,White
1307,1,0,35.58333,3.58,0.0519919,154.8592,yes,no,2,123,1,7,Male,White
1308,1,0,25.91667,2.5,0.02125,44.02083,no,no,0,25,1,10,Male,Other
1309,1,1,40.16667,2.0,0.2548275,424.6292,yes,no,1,121,1,10,Male,White
1310,1,0,30.58333,2.512,0.002627389,4.5833330000000005,no,yes,3,36,0,4,Female,Black
1311,0,0,39.33333,2.3004,0.0005216484,0.0,no,yes,0,46,1,3,Female,Other
1312,0,0,22.58333,3.86,0.0003108808,0.0,no,no,1,36,0,4,Female,Black
1313,0,1,30.33333,2.18,0.0005504587,0.0,no,yes,0,13,1,1,Male,Black
1314,1,0,33.58333,4.566,0.002146299,7.333333,yes,no,0,94,1,19,Male,Black
1315,0,5,23.91667,3.192,0.0003759399,0.0,no,no,3,12,1,5,Female,Black
1316,1,0,40.58333,4.6,0.02651261,101.2983,yes,no,2,1,1,2,Female,White
1317,1,0,32.83333,3.7,0.008998919,26.99667,no,yes,0,60,1,7,Male,Other
1318,1,0,48.25,3.7,0.1116186,344.1575,yes,no,2,2,1,0,Male,Other
